Gene,DMS_dataset,CBGE_dataset,n_variants,label_concordance,DMS_weight_150M,CBGE_weight_150M,delta_weight_150M,p_wilcoxon_150M,DMS_weight_650M,CBGE_weight_650M,delta_weight_650M,p_wilcoxon_650M
ETS1,dataset0541,dataset0537,59,0.627,0.132,0.283,0.151,0.062,0.398,0.492,0.093,0.438
ETS1,dataset0541,dataset0538,59,0.695,0.163,0.138,-0.025,0.812,0.377,0.533,0.156,0.188
ETS1,dataset0541,dataset0539,58,0.638,0.188,0.02,-0.168,0.18,0.315,0.02,-0.295,0.5
FYN,dataset0631,dataset0629,33,0.636,0.068,0.152,0.085,0.5,0.21,0.42,0.21,1.0
FYN,dataset0631,dataset0627,32,0.688,0.068,0.235,0.168,0.317,0.145,0.012,-0.132,1.0
GRB2,dataset0654,dataset0650,59,0.729,0.148,0.81,0.662,0.062,0.214,0.913,0.699,0.062
GRB2,dataset0654,dataset0652,54,0.648,0.132,0.678,0.547,0.031,0.219,0.601,0.382,0.031
HRAS,dataset0688,dataset0691,148,0.486,0.238,0.905,0.668,0.5,0.46,0.38,-0.08,1.0
HRAS,dataset0685,dataset0691,140,0.657,0.292,0.495,0.202,1.0,0.338,0.138,-0.2,1.0
HRAS,dataset0686,dataset0691,138,0.406,0.505,0.498,-0.007,1.0,0.082,0.415,0.332,1.0
HRAS,dataset0687,dataset0691,138,0.536,0.06,0.505,0.445,0.5,0.548,0.498,-0.05,1.0
ITK,dataset0812,dataset0810,45,0.622,0.54,0.408,-0.132,0.438,0.446,0.444,-0.002,1.0
LCK,dataset0914,dataset0913,45,0.533,0.16,0.425,0.265,1.0,0.12,0.01,-0.11,0.317
LCK,dataset0914,dataset0912,43,0.581,0.04,0.125,0.085,1.0,0.12,0.35,0.23,0.5
LCK,dataset0914,dataset0910,37,0.514,0.192,0.488,0.297,0.5,0.262,0.185,-0.077,0.75
LCP1,dataset0920,dataset0918,48,0.75,0.072,0.47,0.398,0.317,0.082,0.388,0.305,0.317
PTEN,dataset1477,dataset1481,63,0.651,0.098,0.0,-0.098,0.317,0.292,0.405,0.112,0.317
PTEN,dataset1476,dataset1481,51,0.627,0.041,0.038,-0.003,1.0,0.219,0.0,-0.219,0.027
RASGRP1,dataset1562,dataset1558,27,0.519,0.872,0.908,0.037,0.75,0.627,0.698,0.072,1.0
RASGRP1,dataset1562,dataset1559,27,0.63,0.776,0.935,0.159,0.375,0.605,0.958,0.352,0.125
RASGRP1,dataset1562,dataset1560,26,0.385,0.652,0.742,0.09,0.625,0.536,0.841,0.305,0.125
RASGRP1,dataset1562,dataset1561,26,0.423,0.605,0.925,0.32,0.25,0.525,0.709,0.184,0.25
TP53,dataset1982,dataset1983,1195,0.777,0.0,0.02,0.02,0.002,0.001,0.04,0.039,0.002
VAV1,dataset2065,dataset2064,46,0.696,0.301,0.674,0.372,0.25,0.315,0.986,0.671,0.125
VAV1,dataset2065,dataset2061,45,0.689,0.097,0.152,0.055,0.75,0.248,0.638,0.39,0.5
VAV1,dataset2065,dataset2062,37,0.703,0.142,0.761,0.619,0.125,0.208,0.835,0.628,0.125
VAV1,dataset2065,dataset2063,20,0.75,0.0,0.678,0.678,0.5,0.0,0.532,0.532,0.5
