fold,platform,calm_weight,auroc_esm2_650m,auroc_calm,auroc_combo,n_test,n_test_cases,n_test_controls,pair_id,Gene,DMS_dataset,CBGE_dataset
1,DMS,0.0,0.8061008758683177,0.4708547266686801,0.8061008758683177,120,43,77,TP53|dataset1982|dataset1983,TP53,dataset1982,dataset1983
1,CBGE,0.03,0.8455555555555556,0.4788888888888888,0.845,120,60,60,TP53|dataset1982|dataset1983,TP53,dataset1982,dataset1983
2,DMS,0.0,0.8085170643310178,0.5952884324977349,0.8085170643310178,120,43,77,TP53|dataset1982|dataset1983,TP53,dataset1982,dataset1983
2,CBGE,0.03,0.8052777777777778,0.5027777777777778,0.8047222222222222,120,60,60,TP53|dataset1982|dataset1983,TP53,dataset1982,dataset1983
3,DMS,0.0,0.8039867109634552,0.5240108728480821,0.8039867109634552,120,43,77,TP53|dataset1982|dataset1983,TP53,dataset1982,dataset1983
3,CBGE,0.03,0.9072222222222222,0.5594444444444444,0.9058333333333333,120,60,60,TP53|dataset1982|dataset1983,TP53,dataset1982,dataset1983
4,DMS,0.0,0.8508003624282694,0.46934460887949264,0.8508003624282694,120,43,77,TP53|dataset1982|dataset1983,TP53,dataset1982,dataset1983
4,CBGE,0.03,0.8591666666666667,0.5547222222222222,0.8586111111111111,120,60,60,TP53|dataset1982|dataset1983,TP53,dataset1982,dataset1983
5,DMS,0.0,0.8483841739655693,0.37209302325581395,0.8483841739655693,120,43,77,TP53|dataset1982|dataset1983,TP53,dataset1982,dataset1983
5,CBGE,0.08,0.8719444444444445,0.4477777777777778,0.8699999999999999,120,60,60,TP53|dataset1982|dataset1983,TP53,dataset1982,dataset1983
6,DMS,0.0,0.7956091527520099,0.5006184291898579,0.7956091527520099,119,42,77,TP53|dataset1982|dataset1983,TP53,dataset1982,dataset1983
6,CBGE,0.03,0.8234463276836158,0.4912429378531073,0.8225988700564971,119,60,59,TP53|dataset1982|dataset1983,TP53,dataset1982,dataset1983
7,DMS,0.0,0.8478664192949907,0.5377241805813234,0.8478664192949907,119,42,77,TP53|dataset1982|dataset1983,TP53,dataset1982,dataset1983
7,CBGE,0.03,0.8353107344632767,0.5819209039548023,0.8347457627118644,119,60,59,TP53|dataset1982|dataset1983,TP53,dataset1982,dataset1983
8,DMS,0.0,0.8082869511440941,0.4424860853432282,0.8082869511440941,119,42,77,TP53|dataset1982|dataset1983,TP53,dataset1982,dataset1983
8,CBGE,0.03,0.8392655367231637,0.5135593220338983,0.8392655367231638,119,60,59,TP53|dataset1982|dataset1983,TP53,dataset1982,dataset1983
9,DMS,0.01,0.7965367965367965,0.3889919604205318,0.7956091527520098,119,42,77,TP53|dataset1982|dataset1983,TP53,dataset1982,dataset1983
9,CBGE,0.08,0.8227812323346524,0.4358394573205201,0.8222159412097231,119,61,58,TP53|dataset1982|dataset1983,TP53,dataset1982,dataset1983
10,DMS,0.0,0.8873929008567931,0.48959608323133413,0.8873929008567931,119,43,76,TP53|dataset1982|dataset1983,TP53,dataset1982,dataset1983
10,CBGE,0.03,0.8754237288135593,0.5025423728813558,0.8748587570621469,119,60,59,TP53|dataset1982|dataset1983,TP53,dataset1982,dataset1983
1,DMS,0.385,0.6754385964912281,0.6900584795321637,0.7032163742690059,74,38,36,HRAS|dataset0688|dataset0691,HRAS,dataset0688,dataset0691
1,CBGE,0.46,0.375,0.3680555555555556,0.3888888888888889,74,2,72,HRAS|dataset0688|dataset0691,HRAS,dataset0688,dataset0691
2,DMS,0.535,0.6827838827838828,0.6761904761904762,0.6981684981684981,74,39,35,HRAS|dataset0688|dataset0691,HRAS,dataset0688,dataset0691
2,CBGE,0.3,0.6948356807511737,0.6807511737089202,0.6995305164319249,74,3,71,HRAS|dataset0688|dataset0691,HRAS,dataset0688,dataset0691
1,DMS,0.0,0.7427536231884059,0.7545289855072463,0.7427536231884059,70,24,46,HRAS|dataset0685|dataset0691,HRAS,dataset0685,dataset0691
1,CBGE,0.275,0.5735294117647058,0.5441176470588236,0.5661764705882353,70,2,68,HRAS|dataset0685|dataset0691,HRAS,dataset0685,dataset0691
2,DMS,0.675,0.8991674375578168,0.7733580018501388,0.8297872340425533,70,23,47,HRAS|dataset0685|dataset0691,HRAS,dataset0685,dataset0691
2,CBGE,0.0,0.5373134328358209,0.5671641791044776,0.5373134328358209,70,3,67,HRAS|dataset0685|dataset0691,HRAS,dataset0685,dataset0691
1,DMS,0.16,0.47560975609756095,0.4416376306620209,0.46341463414634143,69,41,28,HRAS|dataset0686|dataset0691,HRAS,dataset0686,dataset0691
1,CBGE,0.8300000000000001,0.3955223880597015,0.25373134328358204,0.29104477611940294,69,2,67,HRAS|dataset0686|dataset0691,HRAS,dataset0686,dataset0691
2,DMS,0.005,0.5853448275862069,0.5508620689655173,0.5853448275862069,69,40,29,HRAS|dataset0686|dataset0691,HRAS,dataset0686,dataset0691
2,CBGE,0.0,0.6818181818181818,0.803030303030303,0.6818181818181818,69,3,66,HRAS|dataset0686|dataset0691,HRAS,dataset0686,dataset0691
1,DMS,0.49,0.7086148648648649,0.7212837837837838,0.7390202702702704,69,32,37,HRAS|dataset0687|dataset0691,HRAS,dataset0687,dataset0691
1,CBGE,0.0,0.49253731343283585,0.6343283582089552,0.49253731343283585,69,2,67,HRAS|dataset0687|dataset0691,HRAS,dataset0687,dataset0691
2,DMS,0.605,0.7190152801358234,0.701188455008489,0.7258064516129031,69,31,38,HRAS|dataset0687|dataset0691,HRAS,dataset0687,dataset0691
2,CBGE,0.995,0.6111111111111112,0.4898989898989899,0.4898989898989899,69,3,66,HRAS|dataset0687|dataset0691,HRAS,dataset0687,dataset0691
1,DMS,0.0,0.8272727272727273,0.6727272727272727,0.8272727272727273,32,10,22,PTEN|dataset1477|dataset1481,PTEN,dataset1477,dataset1481
1,CBGE,0.0,0.6551724137931034,0.5862068965517241,0.6551724137931034,32,3,29,PTEN|dataset1477|dataset1481,PTEN,dataset1477,dataset1481
2,DMS,0.585,0.580952380952381,0.49523809523809526,0.5333333333333333,31,10,21,PTEN|dataset1477|dataset1481,PTEN,dataset1477,dataset1481
2,CBGE,0.81,0.6904761904761905,0.45238095238095233,0.5119047619047619,31,3,28,PTEN|dataset1477|dataset1481,PTEN,dataset1477,dataset1481
1,DMS,0.405,1.0,0.5,1.0,10,2,8,ETS1|dataset0541|dataset0537,ETS1,dataset0541,dataset0537
1,CBGE,0.615,0.5416666666666667,0.5833333333333333,0.625,10,4,6,ETS1|dataset0541|dataset0537,ETS1,dataset0541,dataset0537
2,DMS,0.405,0.625,0.75,0.6875,10,2,8,ETS1|dataset0541|dataset0537,ETS1,dataset0541,dataset0537
2,CBGE,0.54,0.625,0.5416666666666667,0.5833333333333334,10,4,6,ETS1|dataset0541|dataset0537,ETS1,dataset0541,dataset0537
3,DMS,0.55,1.0,0.5714285714285714,1.0,10,3,7,ETS1|dataset0541|dataset0537,ETS1,dataset0541,dataset0537
3,CBGE,0.03,0.6,0.64,0.6,10,5,5,ETS1|dataset0541|dataset0537,ETS1,dataset0541,dataset0537
4,DMS,0.125,0.9047619047619048,0.9047619047619048,0.9523809523809524,10,3,7,ETS1|dataset0541|dataset0537,ETS1,dataset0541,dataset0537
4,CBGE,0.535,0.68,0.76,0.72,10,5,5,ETS1|dataset0541|dataset0537,ETS1,dataset0541,dataset0537
5,DMS,0.55,0.9047619047619048,0.7619047619047619,0.8571428571428571,10,3,7,ETS1|dataset0541|dataset0537,ETS1,dataset0541,dataset0537
5,CBGE,0.58,0.625,0.75,0.7083333333333334,10,4,6,ETS1|dataset0541|dataset0537,ETS1,dataset0541,dataset0537
6,DMS,0.355,0.7857142857142857,0.8571428571428572,0.8571428571428572,9,2,7,ETS1|dataset0541|dataset0537,ETS1,dataset0541,dataset0537
6,CBGE,0.65,0.6666666666666667,0.16666666666666666,0.4444444444444444,9,3,6,ETS1|dataset0541|dataset0537,ETS1,dataset0541,dataset0537
1,DMS,0.55,0.9629629629629629,0.8518518518518519,0.9259259259259258,12,3,9,ETS1|dataset0541|dataset0538,ETS1,dataset0541,dataset0538
1,CBGE,0.445,0.6296296296296295,0.5185185185185186,0.5925925925925926,12,3,9,ETS1|dataset0541|dataset0538,ETS1,dataset0541,dataset0538
2,DMS,0.255,0.8148148148148149,0.7777777777777779,0.8888888888888888,12,3,9,ETS1|dataset0541|dataset0538,ETS1,dataset0541,dataset0538
2,CBGE,0.495,0.29629629629629634,0.5555555555555556,0.33333333333333337,12,3,9,ETS1|dataset0541|dataset0538,ETS1,dataset0541,dataset0538
3,DMS,0.55,0.888888888888889,0.4814814814814815,0.888888888888889,12,3,9,ETS1|dataset0541|dataset0538,ETS1,dataset0541,dataset0538
3,CBGE,0.65,0.4444444444444444,0.11111111111111116,0.4074074074074074,12,3,9,ETS1|dataset0541|dataset0538,ETS1,dataset0541,dataset0538
4,DMS,0.405,0.8518518518518519,0.5185185185185185,0.8148148148148148,12,3,9,ETS1|dataset0541|dataset0538,ETS1,dataset0541,dataset0538
4,CBGE,0.535,0.9,0.65,0.85,12,2,10,ETS1|dataset0541|dataset0538,ETS1,dataset0541,dataset0538
5,DMS,0.125,0.9583333333333334,0.9166666666666666,1.0,11,3,8,ETS1|dataset0541|dataset0538,ETS1,dataset0541,dataset0538
5,CBGE,0.54,0.5555555555555556,0.6666666666666667,0.7222222222222222,11,2,9,ETS1|dataset0541|dataset0538,ETS1,dataset0541,dataset0538
1,DMS,0.26,1.0,1.0,1.0,12,4,8,GRB2|dataset0654|dataset0650,GRB2,dataset0654,dataset0650
1,CBGE,0.88,0.5,0.6,0.6,12,2,10,GRB2|dataset0654|dataset0650,GRB2,dataset0654,dataset0650
2,DMS,0.275,0.96875,0.875,0.9375,12,4,8,GRB2|dataset0654|dataset0650,GRB2,dataset0654,dataset0650
2,CBGE,0.88,0.8148148148148149,0.9259259259259259,0.9259259259259259,12,3,9,GRB2|dataset0654|dataset0650,GRB2,dataset0654,dataset0650
3,DMS,0.26,0.5625,0.625,0.625,12,4,8,GRB2|dataset0654|dataset0650,GRB2,dataset0654,dataset0650
3,CBGE,1.0,0.4444444444444444,0.5185185185185185,0.5185185185185185,12,3,9,GRB2|dataset0654|dataset0650,GRB2,dataset0654,dataset0650
4,DMS,0.23,0.84375,0.78125,0.84375,12,4,8,GRB2|dataset0654|dataset0650,GRB2,dataset0654,dataset0650
4,CBGE,0.865,0.8888888888888888,1.0,1.0,12,3,9,GRB2|dataset0654|dataset0650,GRB2,dataset0654,dataset0650
5,DMS,0.045,0.7916666666666666,0.7916666666666666,0.7916666666666666,11,3,8,GRB2|dataset0654|dataset0650,GRB2,dataset0654,dataset0650
5,CBGE,0.9400000000000001,0.8888888888888888,0.8888888888888888,0.8888888888888888,11,2,9,GRB2|dataset0654|dataset0650,GRB2,dataset0654,dataset0650
1,DMS,0.0,0.9066666666666667,0.9333333333333333,0.9066666666666667,20,5,15,ETS1|dataset0541|dataset0539,ETS1,dataset0541,dataset0539
1,CBGE,0.03,0.5700000000000001,0.54,0.5700000000000001,20,10,10,ETS1|dataset0541|dataset0539,ETS1,dataset0541,dataset0539
2,DMS,0.54,0.8999999999999999,0.35714285714285715,0.8857142857142857,19,5,14,ETS1|dataset0541|dataset0539,ETS1,dataset0541,dataset0539
2,CBGE,0.03,0.7333333333333333,0.4666666666666667,0.7333333333333333,19,10,9,ETS1|dataset0541|dataset0539,ETS1,dataset0541,dataset0539
3,DMS,0.405,0.9285714285714286,0.8428571428571427,0.9285714285714286,19,5,14,ETS1|dataset0541|dataset0539,ETS1,dataset0541,dataset0539
3,CBGE,0.0,0.6000000000000001,0.5111111111111111,0.6000000000000001,19,10,9,ETS1|dataset0541|dataset0539,ETS1,dataset0541,dataset0539
1,DMS,0.26,0.8333333333333334,0.7222222222222222,0.8333333333333334,9,3,6,GRB2|dataset0654|dataset0652,GRB2,dataset0654,dataset0652
1,CBGE,0.615,0.7,0.5499999999999999,0.5499999999999999,9,5,4,GRB2|dataset0654|dataset0652,GRB2,dataset0654,dataset0652
2,DMS,0.275,0.888888888888889,0.8333333333333334,0.888888888888889,9,3,6,GRB2|dataset0654|dataset0652,GRB2,dataset0654,dataset0652
2,CBGE,0.525,0.9,0.9,0.9500000000000001,9,4,5,GRB2|dataset0654|dataset0652,GRB2,dataset0654,dataset0652
3,DMS,0.26,1.0,1.0,1.0,9,3,6,GRB2|dataset0654|dataset0652,GRB2,dataset0654,dataset0652
3,CBGE,0.525,0.8,0.8,0.8,9,4,5,GRB2|dataset0654|dataset0652,GRB2,dataset0654,dataset0652
4,DMS,0.0,0.8333333333333334,0.7777777777777779,0.8333333333333334,9,3,6,GRB2|dataset0654|dataset0652,GRB2,dataset0654,dataset0652
4,CBGE,0.89,0.75,0.6499999999999999,0.7000000000000001,9,4,5,GRB2|dataset0654|dataset0652,GRB2,dataset0654,dataset0652
5,DMS,0.26,0.8333333333333333,0.7222222222222222,0.8333333333333333,9,3,6,GRB2|dataset0654|dataset0652,GRB2,dataset0654,dataset0652
5,CBGE,0.525,0.6,0.7,0.65,9,4,5,GRB2|dataset0654|dataset0652,GRB2,dataset0654,dataset0652
6,DMS,0.26,1.0,0.888888888888889,1.0,9,3,6,GRB2|dataset0654|dataset0652,GRB2,dataset0654,dataset0652
6,CBGE,0.525,0.6500000000000001,0.8,0.6500000000000001,9,4,5,GRB2|dataset0654|dataset0652,GRB2,dataset0654,dataset0652
1,DMS,0.0,0.9166666666666667,1.0,0.9166666666666667,8,2,6,PTEN|dataset1476|dataset1481,PTEN,dataset1476,dataset1481
1,CBGE,0.0,0.4285714285714286,0.2857142857142857,0.4285714285714286,8,1,7,PTEN|dataset1476|dataset1481,PTEN,dataset1476,dataset1481
2,DMS,0.38,0.5,0.33333333333333337,0.5,8,2,6,PTEN|dataset1476|dataset1481,PTEN,dataset1476,dataset1481
2,CBGE,0.0,0.8571428571428572,0.1428571428571429,0.8571428571428572,8,1,7,PTEN|dataset1476|dataset1481,PTEN,dataset1476,dataset1481
3,DMS,0.01,0.8333333333333334,0.33333333333333337,0.8333333333333334,7,1,6,PTEN|dataset1476|dataset1481,PTEN,dataset1476,dataset1481
3,CBGE,0.0,1.0,0.5,1.0,7,1,6,PTEN|dataset1476|dataset1481,PTEN,dataset1476,dataset1481
4,DMS,0.38,0.16666666666666663,0.16666666666666663,0.0,7,1,6,PTEN|dataset1476|dataset1481,PTEN,dataset1476,dataset1481
4,CBGE,0.0,0.6666666666666667,0.8333333333333334,0.6666666666666667,7,1,6,PTEN|dataset1476|dataset1481,PTEN,dataset1476,dataset1481
5,DMS,0.32,0.5,0.4,0.5,7,2,5,PTEN|dataset1476|dataset1481,PTEN,dataset1476,dataset1481
5,CBGE,0.0,0.5,0.33333333333333337,0.5,7,1,6,PTEN|dataset1476|dataset1481,PTEN,dataset1476,dataset1481
6,DMS,0.01,0.4,0.7,0.4,7,2,5,PTEN|dataset1476|dataset1481,PTEN,dataset1476,dataset1481
6,CBGE,0.0,0.33333333333333337,0.16666666666666663,0.33333333333333337,7,1,6,PTEN|dataset1476|dataset1481,PTEN,dataset1476,dataset1481
7,DMS,0.43,0.7,0.5,0.6,7,2,5,PTEN|dataset1476|dataset1481,PTEN,dataset1476,dataset1481
7,CBGE,0.0,0.33333333333333337,0.6666666666666667,0.33333333333333337,7,1,6,PTEN|dataset1476|dataset1481,PTEN,dataset1476,dataset1481
1,DMS,0.015,0.8253968253968254,0.7777777777777777,0.8253968253968254,24,3,21,LCP1|dataset0920|dataset0918,LCP1,dataset0920,dataset0918
1,CBGE,0.015,0.43157894736842106,0.5157894736842106,0.4421052631578948,24,5,19,LCP1|dataset0920|dataset0918,LCP1,dataset0920,dataset0918
2,DMS,0.15,0.9682539682539683,1.0,1.0,24,3,21,LCP1|dataset0920|dataset0918,LCP1,dataset0920,dataset0918
2,CBGE,0.76,0.4105263157894737,0.33684210526315794,0.33684210526315794,24,5,19,LCP1|dataset0920|dataset0918,LCP1,dataset0920,dataset0918
1,DMS,0.17500000000000002,0.8285714285714285,0.9142857142857143,0.8857142857142857,12,5,7,VAV1|dataset2065|dataset2064,VAV1,dataset2065,dataset2064
1,CBGE,0.995,0.8148148148148148,0.8518518518518519,0.8518518518518519,12,3,9,VAV1|dataset2065|dataset2064,VAV1,dataset2065,dataset2064
2,DMS,0.465,1.0,0.8611111111111112,1.0,12,6,6,VAV1|dataset2065|dataset2064,VAV1,dataset2065,dataset2064
2,CBGE,1.0,0.8125,0.78125,0.78125,12,4,8,VAV1|dataset2065|dataset2064,VAV1,dataset2065,dataset2064
3,DMS,0.17500000000000002,1.0,1.0,1.0,11,5,6,VAV1|dataset2065|dataset2064,VAV1,dataset2065,dataset2064
3,CBGE,0.9500000000000001,0.6428571428571428,0.7857142857142857,0.7857142857142857,11,4,7,VAV1|dataset2065|dataset2064,VAV1,dataset2065,dataset2064
4,DMS,0.445,0.9666666666666667,0.9333333333333333,1.0,11,5,6,VAV1|dataset2065|dataset2064,VAV1,dataset2065,dataset2064
4,CBGE,1.0,0.6428571428571428,0.8214285714285714,0.8214285714285714,11,4,7,VAV1|dataset2065|dataset2064,VAV1,dataset2065,dataset2064
1,DMS,0.26,0.8333333333333334,0.9166666666666667,0.8333333333333334,8,2,6,ITK|dataset0812|dataset0810,ITK,dataset0812,dataset0810
1,CBGE,0.985,1.0,0.8571428571428572,0.8571428571428572,8,1,7,ITK|dataset0812|dataset0810,ITK,dataset0812,dataset0810
2,DMS,0.59,1.0,1.0,1.0,8,2,6,ITK|dataset0812|dataset0810,ITK,dataset0812,dataset0810
2,CBGE,0.29,0.4285714285714286,0.5714285714285714,0.5714285714285714,8,1,7,ITK|dataset0812|dataset0810,ITK,dataset0812,dataset0810
3,DMS,0.085,0.8333333333333334,1.0,0.8333333333333334,8,2,6,ITK|dataset0812|dataset0810,ITK,dataset0812,dataset0810
3,CBGE,0.49,0.5714285714285714,0.7142857142857143,0.5714285714285714,8,1,7,ITK|dataset0812|dataset0810,ITK,dataset0812,dataset0810
4,DMS,0.87,1.0,1.0,1.0,7,1,6,ITK|dataset0812|dataset0810,ITK,dataset0812,dataset0810
4,CBGE,0.49,0.16666666666666663,0.33333333333333337,0.16666666666666663,7,1,6,ITK|dataset0812|dataset0810,ITK,dataset0812,dataset0810
5,DMS,0.59,1.0,1.0,1.0,7,2,5,ITK|dataset0812|dataset0810,ITK,dataset0812,dataset0810
5,CBGE,0.215,0.5,0.33333333333333337,0.5,7,1,6,ITK|dataset0812|dataset0810,ITK,dataset0812,dataset0810
6,DMS,0.28,1.0,1.0,1.0,7,2,5,ITK|dataset0812|dataset0810,ITK,dataset0812,dataset0810
6,CBGE,0.195,0.33333333333333337,0.5,0.33333333333333337,7,1,6,ITK|dataset0812|dataset0810,ITK,dataset0812,dataset0810
1,DMS,0.24,0.925,0.8416666666666667,0.8916666666666666,23,8,15,LCK|dataset0914|dataset0913,LCK,dataset0914,dataset0913
1,CBGE,0.02,0.5,0.3888888888888889,0.5,23,5,18,LCK|dataset0914|dataset0913,LCK,dataset0914,dataset0913
2,DMS,0.0,0.8839285714285715,0.8125,0.8839285714285715,22,8,14,LCK|dataset0914|dataset0913,LCK,dataset0914,dataset0913
2,CBGE,0.0,0.5416666666666667,0.5,0.5416666666666667,22,4,18,LCK|dataset0914|dataset0913,LCK,dataset0914,dataset0913
1,DMS,0.17500000000000002,0.9107142857142857,0.9464285714285714,0.9285714285714286,15,7,8,VAV1|dataset2065|dataset2061,VAV1,dataset2065,dataset2061
1,CBGE,0.91,0.78,0.7600000000000001,0.7600000000000001,15,5,10,VAV1|dataset2065|dataset2061,VAV1,dataset2065,dataset2061
2,DMS,0.465,0.9642857142857143,0.8392857142857143,0.9821428571428571,15,7,8,VAV1|dataset2065|dataset2061,VAV1,dataset2065,dataset2061
2,CBGE,0.005,0.7954545454545454,0.9545454545454545,0.7954545454545454,15,4,11,VAV1|dataset2065|dataset2061,VAV1,dataset2065,dataset2061
3,DMS,0.105,0.9821428571428571,0.9821428571428571,1.0,15,7,8,VAV1|dataset2065|dataset2061,VAV1,dataset2065,dataset2061
3,CBGE,1.0,0.6818181818181819,0.6590909090909092,0.6590909090909092,15,4,11,VAV1|dataset2065|dataset2061,VAV1,dataset2065,dataset2061
1,DMS,0.24,0.9196428571428571,0.8214285714285715,0.8839285714285714,22,8,14,LCK|dataset0914|dataset0912,LCK,dataset0914,dataset0912
1,CBGE,0.485,0.6140350877192983,0.543859649122807,0.631578947368421,22,3,19,LCK|dataset0914|dataset0912,LCK,dataset0914,dataset0912
2,DMS,0.0,0.8846153846153847,0.8173076923076923,0.8846153846153847,21,8,13,LCK|dataset0914|dataset0912,LCK,dataset0914,dataset0912
2,CBGE,0.215,0.5740740740740741,0.5740740740740741,0.5740740740740741,21,3,18,LCK|dataset0914|dataset0912,LCK,dataset0914,dataset0912
1,DMS,0.725,1.0,0.5249999999999999,0.6,13,5,8,LCK|dataset0914|dataset0910,LCK,dataset0914,dataset0910
1,CBGE,0.0,0.4444444444444444,0.5555555555555556,0.4444444444444444,13,4,9,LCK|dataset0914|dataset0910,LCK,dataset0914,dataset0910
2,DMS,0.0,0.8857142857142857,0.8571428571428572,0.8857142857142857,12,5,7,LCK|dataset0914|dataset0910,LCK,dataset0914,dataset0910
2,CBGE,0.555,0.7037037037037037,0.4444444444444444,0.5185185185185186,12,3,9,LCK|dataset0914|dataset0910,LCK,dataset0914,dataset0910
3,DMS,0.06,0.84375,0.875,0.84375,12,4,8,LCK|dataset0914|dataset0910,LCK,dataset0914,dataset0910
3,CBGE,0.0,0.5185185185185185,0.5185185185185185,0.5185185185185185,12,3,9,LCK|dataset0914|dataset0910,LCK,dataset0914,dataset0910
1,DMS,0.17500000000000002,0.9600000000000001,0.9600000000000001,1.0,10,5,5,VAV1|dataset2065|dataset2062,VAV1,dataset2065,dataset2062
1,CBGE,0.875,0.6666666666666666,0.75,0.75,10,4,6,VAV1|dataset2065|dataset2062,VAV1,dataset2065,dataset2062
2,DMS,0.17500000000000002,1.0,1.0,1.0,9,4,5,VAV1|dataset2065|dataset2062,VAV1,dataset2065,dataset2062
2,CBGE,0.875,0.8,0.85,0.85,9,4,5,VAV1|dataset2065|dataset2062,VAV1,dataset2065,dataset2062
3,DMS,0.375,1.0,1.0,1.0,9,4,5,VAV1|dataset2065|dataset2062,VAV1,dataset2065,dataset2062
3,CBGE,0.84,0.8333333333333334,0.7777777777777778,0.888888888888889,9,3,6,VAV1|dataset2065|dataset2062,VAV1,dataset2065,dataset2062
4,DMS,0.105,1.0,0.9,1.0,9,5,4,VAV1|dataset2065|dataset2062,VAV1,dataset2065,dataset2062
4,CBGE,0.75,0.7,0.75,0.7,9,4,5,VAV1|dataset2065|dataset2062,VAV1,dataset2065,dataset2062
1,DMS,0.42,1.0,0.8809523809523809,0.9761904761904763,17,3,14,FYN|dataset0631|dataset0629,FYN,dataset0631,dataset0629
1,CBGE,0.4,0.7333333333333334,0.6833333333333333,0.7499999999999999,17,5,12,FYN|dataset0631|dataset0629,FYN,dataset0631,dataset0629
2,DMS,0.0,0.9285714285714286,0.8571428571428571,0.9285714285714286,16,2,14,FYN|dataset0631|dataset0629,FYN,dataset0631,dataset0629
2,CBGE,0.44,0.6333333333333333,0.6833333333333333,0.6833333333333333,16,6,10,FYN|dataset0631|dataset0629,FYN,dataset0631,dataset0629
1,DMS,0.29,1.0,0.8571428571428571,1.0,16,2,14,FYN|dataset0631|dataset0627,FYN,dataset0631,dataset0627
1,CBGE,0.0,0.7090909090909092,0.5818181818181818,0.7090909090909092,16,5,11,FYN|dataset0631|dataset0627,FYN,dataset0631,dataset0627
2,DMS,0.0,0.9487179487179487,0.8717948717948717,0.9487179487179487,16,3,13,FYN|dataset0631|dataset0627,FYN,dataset0631,dataset0627
2,CBGE,0.025,0.625,0.5833333333333333,0.625,16,4,12,FYN|dataset0631|dataset0627,FYN,dataset0631,dataset0627
1,DMS,0.655,0.4444444444444445,0.7777777777777778,0.7222222222222222,9,3,6,RASGRP1|dataset1562|dataset1558,RASGRP1,dataset1562,dataset1558
1,CBGE,0.895,0.6111111111111112,0.6666666666666666,0.6666666666666666,9,3,6,RASGRP1|dataset1562|dataset1558,RASGRP1,dataset1562,dataset1558
2,DMS,0.43,0.5,0.8571428571428572,0.7857142857142857,9,2,7,RASGRP1|dataset1562|dataset1558,RASGRP1,dataset1562,dataset1558
2,CBGE,0.84,1.0,0.9500000000000001,0.9500000000000001,9,4,5,RASGRP1|dataset1562|dataset1558,RASGRP1,dataset1562,dataset1558
3,DMS,0.795,0.7777777777777779,0.8333333333333333,0.8333333333333333,9,3,6,RASGRP1|dataset1562|dataset1558,RASGRP1,dataset1562,dataset1558
3,CBGE,0.36,0.19999999999999996,0.6,0.29999999999999993,9,4,5,RASGRP1|dataset1562|dataset1558,RASGRP1,dataset1562,dataset1558
1,DMS,0.665,0.19999999999999996,0.8,0.7,7,2,5,RASGRP1|dataset1562|dataset1559,RASGRP1,dataset1562,dataset1559
1,CBGE,1.0,0.5,0.9,0.9,7,2,5,RASGRP1|dataset1562|dataset1559,RASGRP1,dataset1562,dataset1559
2,DMS,0.445,0.4,0.5,0.4,7,2,5,RASGRP1|dataset1562|dataset1559,RASGRP1,dataset1562,dataset1559
2,CBGE,1.0,0.41666666666666663,1.0,1.0,7,3,4,RASGRP1|dataset1562|dataset1559,RASGRP1,dataset1562,dataset1559
3,DMS,0.515,0.5,1.0,1.0,7,2,5,RASGRP1|dataset1562|dataset1559,RASGRP1,dataset1562,dataset1559
3,CBGE,0.9450000000000001,0.6666666666666666,0.5,0.5,7,3,4,RASGRP1|dataset1562|dataset1559,RASGRP1,dataset1562,dataset1559
4,DMS,0.795,1.0,1.0,1.0,6,2,4,RASGRP1|dataset1562|dataset1559,RASGRP1,dataset1562,dataset1559
4,CBGE,0.885,0.375,0.5,0.5,6,2,4,RASGRP1|dataset1562|dataset1559,RASGRP1,dataset1562,dataset1559
1,DMS,0.515,0.3,0.9,0.8,7,2,5,RASGRP1|dataset1562|dataset1560,RASGRP1,dataset1562,dataset1560
1,CBGE,0.885,0.8333333333333334,0.8333333333333334,0.8333333333333334,7,4,3,RASGRP1|dataset1562|dataset1560,RASGRP1,dataset1562,dataset1560
2,DMS,0.39,0.9,1.0,1.0,7,2,5,RASGRP1|dataset1562|dataset1560,RASGRP1,dataset1562,dataset1560
2,CBGE,0.885,0.41666666666666663,0.7500000000000001,0.7500000000000001,7,4,3,RASGRP1|dataset1562|dataset1560,RASGRP1,dataset1562,dataset1560
3,DMS,0.795,0.875,0.75,0.75,6,2,4,RASGRP1|dataset1562|dataset1560,RASGRP1,dataset1562,dataset1560
3,CBGE,0.8250000000000001,0.0,0.5,0.5,6,4,2,RASGRP1|dataset1562|dataset1560,RASGRP1,dataset1562,dataset1560
4,DMS,0.445,0.5,0.375,0.375,6,2,4,RASGRP1|dataset1562|dataset1560,RASGRP1,dataset1562,dataset1560
4,CBGE,0.77,0.875,1.0,1.0,6,4,2,RASGRP1|dataset1562|dataset1560,RASGRP1,dataset1562,dataset1560
1,DMS,0.445,0.7,0.9,0.9,7,2,5,RASGRP1|dataset1562|dataset1561,RASGRP1,dataset1562,dataset1561
1,CBGE,0.355,0.16666666666666669,0.6666666666666667,0.33333333333333337,7,4,3,RASGRP1|dataset1562|dataset1561,RASGRP1,dataset1562,dataset1561
2,DMS,0.495,0.6,0.6,0.7,7,2,5,RASGRP1|dataset1562|dataset1561,RASGRP1,dataset1562,dataset1561
2,CBGE,0.77,0.8333333333333334,0.8333333333333334,0.8333333333333334,7,4,3,RASGRP1|dataset1562|dataset1561,RASGRP1,dataset1562,dataset1561
3,DMS,0.665,0.875,0.625,0.625,6,2,4,RASGRP1|dataset1562|dataset1561,RASGRP1,dataset1562,dataset1561
3,CBGE,0.8250000000000001,0.4444444444444444,0.888888888888889,0.888888888888889,6,3,3,RASGRP1|dataset1562|dataset1561,RASGRP1,dataset1562,dataset1561
4,DMS,0.495,0.375,0.75,0.75,6,2,4,RASGRP1|dataset1562|dataset1561,RASGRP1,dataset1562,dataset1561
4,CBGE,0.885,1.0,0.5,0.5,6,4,2,RASGRP1|dataset1562|dataset1561,RASGRP1,dataset1562,dataset1561
1,DMS,0.0,0.9583333333333334,0.875,0.9583333333333334,10,4,6,VAV1|dataset2065|dataset2063,VAV1,dataset2065,dataset2063
1,CBGE,0.875,0.625,0.7083333333333334,0.7083333333333334,10,4,6,VAV1|dataset2065|dataset2063,VAV1,dataset2065,dataset2063
2,DMS,0.0,1.0,0.9583333333333334,1.0,10,4,6,VAV1|dataset2065|dataset2063,VAV1,dataset2065,dataset2063
2,CBGE,0.19,0.6666666666666666,0.8095238095238095,0.6666666666666666,10,3,7,VAV1|dataset2065|dataset2063,VAV1,dataset2065,dataset2063
