Gene,DMS_dataset,CBGE_dataset,n_variants,label_concordance,DMS_weight_standardized_150M,CBGE_weight_standardized_150M,delta_weight_standardized_150M,DMS_weight_standardized_650M,CBGE_weight_standardized_650M,delta_weight_standardized_650M
ETS1,dataset0541,dataset0537,59,0.627,0.0765946571345837,0.18180454907099042,0.10520989193640672,0.25583526820899827,0.3413462496226866,0.08551098141368835
ETS1,dataset0541,dataset0538,59,0.695,0.10044880788855168,0.0789813386719261,-0.02146746921662558,0.24351266542870068,0.3612743783042593,0.11776171287555862
ETS1,dataset0541,dataset0539,58,0.638,0.12569641787099814,0.012648142997599946,-0.11304827487339819,0.21810109315826734,0.009603380045472653,-0.2084977131127947
FYN,dataset0631,dataset0629,33,0.636,0.04949169558827589,0.12413362809053123,0.07464193250225534,0.17760463117671949,0.3814904830059783,0.20388585182925884
FYN,dataset0631,dataset0627,32,0.688,0.05982522831922792,0.21380612651730116,0.15398089819807323,0.12679470133533324,0.012088707618281017,-0.11470599371705223
GRB2,dataset0654,dataset0650,59,0.729,0.13368720335477974,0.7974630197285805,0.6637758163738008,0.17365912657429886,0.8918204158443178,0.718161289270019
GRB2,dataset0654,dataset0652,54,0.648,0.12185959221941534,0.6565074444041561,0.5346478521847408,0.17945393010105573,0.5425840949084314,0.3631301648073757
HRAS,dataset0688,dataset0691,148,0.486,0.25207684267587593,0.9136170339230488,0.6615401912471729,0.44311891979847223,0.36730345337785697,-0.07581546642061526
HRAS,dataset0685,dataset0691,140,0.657,0.2872388089050932,0.495639107178349,0.20840029827325585,0.3148421986988288,0.13787668888550916,-0.17696550981331963
HRAS,dataset0686,dataset0691,138,0.406,0.5069879361284342,0.49838659051467205,-0.008601345613762135,0.07445308573163667,0.4059527135130835,0.3314996277814468
HRAS,dataset0687,dataset0691,138,0.536,0.06123275089518924,0.505927342392123,0.44469459149693374,0.5252991955107206,0.4973809679252389,-0.02791822758548168
ITK,dataset0812,dataset0810,45,0.622,0.5402788125370287,0.40888979093193684,-0.13138902160509186,0.4170917638382435,0.4111496828713512,-0.005942080966892305
LCK,dataset0914,dataset0913,45,0.533,0.19979010772259725,0.4545044579337233,0.25471435021112604,0.13622725372899308,0.01181475612186624,-0.12441249760712685
LCK,dataset0914,dataset0912,43,0.581,0.04754917084486923,0.1468591000889425,0.09930992924407328,0.13721426714980714,0.3649644506847721,0.22775018353496498
LCK,dataset0914,dataset0910,37,0.514,0.20134759537841995,0.5039622238450264,0.3026146284666065,0.25650628474441134,0.18666265253949457,-0.06984363220491677
LCP1,dataset0920,dataset0918,48,0.75,0.07573199691735598,0.4714118128357597,0.39567981591840373,0.08968088330373801,0.3970597797684539,0.3073788964647159
PTEN,dataset1477,dataset1481,63,0.651,0.09069468710877403,0.0,-0.09069468710877403,0.22788426803716608,0.35846533499071476,0.13058106695354868
PTEN,dataset1476,dataset1481,51,0.627,0.038806534852793576,0.03464304051385707,-0.0041634943389365076,0.158308650843317,0.0,-0.158308650843317
RASGRP1,dataset1562,dataset1558,27,0.519,0.8656938649541992,0.9097765363011803,0.04408267134698107,0.6482842342302055,0.7205271541227423,0.07224291989253673
RASGRP1,dataset1562,dataset1559,27,0.63,0.7712705078110113,0.9353955902787464,0.16412508246773516,0.6318661442768754,0.9661444484408299,0.33427830416395454
RASGRP1,dataset1562,dataset1560,26,0.385,0.649848398669386,0.7505361421771448,0.10068774350775878,0.5579169303519969,0.8564445912758792,0.2985276609238824
RASGRP1,dataset1562,dataset1561,26,0.423,0.6064238485752669,0.9263425854727121,0.3199187368974452,0.5532809724558563,0.7258589058170377,0.17257793336118143
TP53,dataset1982,dataset1983,1195,0.777,0.0,0.007550839645647142,0.007550839645647142,0.000320308833279138,0.013021814630923223,0.012701505797644085
VAV1,dataset2065,dataset2064,46,0.696,0.26229867088630854,0.654072757590607,0.3917740867042985,0.26499368205106766,0.9822321847774682,0.7172385027264006
VAV1,dataset2065,dataset2061,45,0.689,0.07929024676054733,0.12954285215275196,0.050252605392204636,0.20401372405585017,0.6302472856920686,0.4262335616362184
VAV1,dataset2065,dataset2062,37,0.703,0.11643577167798029,0.7183433217670528,0.6019075500890726,0.17084344607343152,0.79617360945643,0.6253301633829985
VAV1,dataset2065,dataset2063,20,0.75,0.0,0.625486025019025,0.625486025019025,0.0,0.49448687404300207,0.49448687404300207
