analysis,comparison,model_a_score,model_b_score,n_variants,n_genes,n_bootstrap_requested,n_bootstrap_valid,pooled_oof_auroc_a,pooled_oof_auroc_b,pooled_oof_delta_auroc,bootstrap_mean_delta_auroc,bootstrap_sd_delta_auroc,bootstrap_95ci_low,bootstrap_95ci_high,bootstrap_two_sided_tail_p,ci_excludes_zero,resampling_unit,ci_method
ClinVar model combinations,CaLM vs ESM-2 650M,score_calm,score_esm2_650m,71436,11554,5000,5000,0.840454422022795,0.8927237324265922,-0.05226931040379723,-0.05220897124024693,0.0061759942391063066,-0.0643536640217552,-0.04009398783255715,0.0003999200159968006,True,gene,percentile cluster bootstrap
ClinVar model combinations,ESM-2 150M + ESM-2 650M vs ESM-2 650M,score_esm2_150m_esm2_650m,score_esm2_650m,71436,11554,5000,5000,0.8934140136643124,0.8927237324265922,0.0006902812377201917,0.0006988031538183942,0.00031785377740810734,4.019147738730801e-05,0.00128827599029806,0.039192161567686463,True,gene,percentile cluster bootstrap
ClinVar model combinations,ESM-2 650M + ESM-1b 650M vs ESM-2 650M,score_esm2_650m_esm1b_650m,score_esm2_650m,71436,11554,5000,5000,0.9342074606967294,0.8927237324265922,0.04148372827013724,0.04147197317933627,0.0033052732188182964,0.03501674098256038,0.048133620546583815,0.0003999200159968006,True,gene,percentile cluster bootstrap
ClinVar model combinations,ESM-2 650M + ESM-1b 650M vs ESM-1b 650M,score_esm2_650m_esm1b_650m,score_esm1b_650m,71436,11554,5000,5000,0.9342074606967294,0.9267069149617472,0.007500545734982267,0.00750074609734515,0.0011276522641360791,0.005418148256560807,0.009800303718906628,0.0003999200159968006,True,gene,percentile cluster bootstrap
ClinVar model combinations,ESM-2 650M + CaLM vs ESM-2 650M,score_esm2_650m_calm,score_esm2_650m,71436,11554,5000,5000,0.9110559309076705,0.8927237324265922,0.018332198481078255,0.01836613984044168,0.0018202889239129407,0.014879462569648264,0.02201603792438071,0.0003999200159968006,True,gene,percentile cluster bootstrap
ClinVar model combinations,ESM-2 150M + CaLM vs ESM-2 150M,score_esm2_150m_calm,score_esm2_150m,71436,11554,5000,5000,0.8763999356220611,0.8364192920238074,0.03998064359825371,0.03990207677871057,0.005413522232360627,0.030954792130149796,0.051756819213540424,0.0003999200159968006,True,gene,percentile cluster bootstrap
ClinVar model combinations,ESM-1b 650M + CaLM vs ESM-1b 650M,score_esm1b_650m_calm,score_esm1b_650m,71436,11554,5000,5000,0.9327527839336429,0.9267069149617472,0.00604586897189574,0.006053309428290261,0.0006092020440909969,0.004885461851527007,0.007294171705232791,0.0003999200159968006,True,gene,percentile cluster bootstrap
ClinVar model combinations,ESM-2 650M + ESM-1b 650M + CaLM vs ESM-2 650M + ESM-1b 650M,score_esm2_650m_esm1b_650m_calm,score_esm2_650m_esm1b_650m,71436,11554,5000,5000,0.9372634079844487,0.9342074606967294,0.003055947287719296,0.003066685326214018,0.0004541161228570938,0.002186896731284005,0.003993742333008275,0.0003999200159968006,True,gene,percentile cluster bootstrap
ClinVar model combinations,ESM-2 650M + ESM-1b 650M + CaLM vs ESM-2 650M + CaLM,score_esm2_650m_esm1b_650m_calm,score_esm2_650m_calm,71436,11554,5000,5000,0.9372634079844487,0.9110559309076705,0.026207477076778285,0.026172518665108613,0.0023336169640543877,0.021626376485639157,0.030653747280253087,0.0003999200159968006,True,gene,percentile cluster bootstrap
