ensemble,fold,component,training_score_sd,raw_weight,standardized_equivalent_weight,weight_difference,max_heldout_affine_equivalence_error
ESM-2 150M + ESM-2 650M,1,ESM-2 150M,2.872090155897358,0.16,0.13098181701061393,-0.029018182989386077,8.881784197001252e-16
ESM-2 150M + ESM-2 650M,1,ESM-2 650M,3.6295820444660483,0.84,0.869018182989386,0.029018182989386077,8.881784197001252e-16
ESM-2 650M + ESM-1b 650M,1,ESM-2 650M,3.6295820444660483,0.39,0.33784977441554687,-0.05215022558445315,1.3322676295501878e-15
ESM-2 650M + ESM-1b 650M,1,ESM-1b 650M,4.548040128163113,0.61,0.6621502255844532,0.05215022558445326,1.3322676295501878e-15
ESM-2 150M + CaLM,1,ESM-2 150M,2.872090155897358,0.49,0.4936243166133618,0.003624316613361822,8.881784197001252e-16
ESM-2 150M + CaLM,1,CaLM,2.8307418732223013,0.51,0.5063756833866382,-0.003624316613361822,8.881784197001252e-16
ESM-2 650M + CaLM,1,ESM-2 650M,3.6295820444660483,0.54,0.6008292056307747,0.06082920563077465,8.881784197001252e-16
ESM-2 650M + CaLM,1,CaLM,2.8307418732223013,0.46,0.39917079436922526,-0.06082920563077476,8.881784197001252e-16
ESM-1b 650M + CaLM,1,ESM-1b 650M,4.548040128163113,0.64,0.740683045851373,0.100683045851373,8.881784197001252e-16
ESM-1b 650M + CaLM,1,CaLM,2.8307418732223013,0.36,0.25931695414862704,-0.10068304585137294,8.881784197001252e-16
ESM-2 650M + ESM-1b 650M + CaLM,1,ESM-2 650M,3.6295820444660483,0.3,0.28332660466600673,-0.016673395333993257,8.881784197001252e-16
ESM-2 650M + ESM-1b 650M + CaLM,1,ESM-1b 650M,4.548040128163113,0.45,0.5325327069112044,0.08253270691120435,8.881784197001252e-16
ESM-2 650M + ESM-1b 650M + CaLM,1,CaLM,2.8307418732223013,0.2499999999999999,0.18414068842278888,-0.065859311577211,8.881784197001252e-16
ESM-2 150M + ESM-2 650M,2,ESM-2 150M,2.856681217176184,0.15,0.12207314818794794,-0.027926851812052053,1.3322676295501878e-15
ESM-2 150M + ESM-2 650M,2,ESM-2 650M,3.625536653065403,0.85,0.8779268518120521,0.027926851812052123,1.3322676295501878e-15
ESM-2 650M + ESM-1b 650M,2,ESM-2 650M,3.625536653065403,0.38,0.3275189573856514,-0.052481042614348605,1.1102230246251565e-15
ESM-2 650M + ESM-1b 650M,2,ESM-1b 650M,4.562551823257395,0.62,0.6724810426143487,0.052481042614348716,1.1102230246251565e-15
ESM-2 150M + CaLM,2,ESM-2 150M,2.856681217176184,0.48,0.48337401210784675,0.003374012107846769,1.3322676295501878e-15
ESM-2 150M + CaLM,2,CaLM,2.8183350664587574,0.52,0.5166259878921532,-0.0033740121078468244,1.3322676295501878e-15
ESM-2 650M + CaLM,2,ESM-2 650M,3.625536653065403,0.55,0.6112398128235801,0.06123981282358004,8.881784197001252e-16
ESM-2 650M + CaLM,2,CaLM,2.8183350664587574,0.45,0.3887601871764199,-0.0612398128235801,8.881784197001252e-16
ESM-1b 650M + CaLM,2,ESM-1b 650M,4.562551823257395,0.6499999999999999,0.7504052848049408,0.10040528480494093,8.881784197001252e-16
ESM-1b 650M + CaLM,2,CaLM,2.8183350664587574,0.35,0.2495947151950591,-0.10040528480494088,8.881784197001252e-16
ESM-2 650M + ESM-1b 650M + CaLM,2,ESM-2 650M,3.625536653065403,0.25,0.23286931656234033,-0.017130683437659666,8.881784197001252e-16
ESM-2 650M + ESM-1b 650M + CaLM,2,ESM-1b 650M,4.562551823257395,0.5,0.5861081690976041,0.0861081690976041,8.881784197001252e-16
ESM-2 650M + ESM-1b 650M + CaLM,2,CaLM,2.8183350664587574,0.25,0.18102251434005553,-0.06897748565994447,8.881784197001252e-16
ESM-2 150M + ESM-2 650M,3,ESM-2 150M,2.865658525031508,0.16,0.1307083515046237,-0.0292916484953763,1.3322676295501878e-15
ESM-2 150M + ESM-2 650M,3,ESM-2 650M,3.6301728522189345,0.84,0.8692916484953762,0.029291648495376243,1.3322676295501878e-15
ESM-2 650M + ESM-1b 650M,3,ESM-2 650M,3.6301728522189345,0.39,0.3374733438407109,-0.05252665615928909,8.881784197001252e-16
ESM-2 650M + ESM-1b 650M,3,ESM-1b 650M,4.556443174506419,0.61,0.6625266561592892,0.0525266561592892,8.881784197001252e-16
ESM-2 150M + CaLM,3,ESM-2 150M,2.865658525031508,0.49,0.49371143342019863,0.00371143342019864,8.881784197001252e-16
ESM-2 150M + CaLM,3,CaLM,2.823418637674239,0.51,0.5062885665798014,-0.00371143342019864,8.881784197001252e-16
ESM-2 650M + CaLM,3,ESM-2 650M,3.6301728522189345,0.56,0.6206937524128044,0.06069375241280439,1.3322676295501878e-15
ESM-2 650M + CaLM,3,CaLM,2.823418637674239,0.44,0.37930624758719544,-0.06069375241280456,1.3322676295501878e-15
ESM-1b 650M + CaLM,3,ESM-1b 650M,4.556443174506419,0.64,0.7415342239770647,0.10153422397706469,8.881784197001252e-16
ESM-1b 650M + CaLM,3,CaLM,2.823418637674239,0.36,0.2584657760229353,-0.10153422397706469,8.881784197001252e-16
ESM-2 650M + ESM-1b 650M + CaLM,3,ESM-2 650M,3.6301728522189345,0.3,0.28321591874238966,-0.016784081257610328,8.881784197001252e-16
ESM-2 650M + ESM-1b 650M + CaLM,3,ESM-1b 650M,4.556443174506419,0.45,0.5332214025607087,0.0832214025607087,8.881784197001252e-16
ESM-2 650M + ESM-1b 650M + CaLM,3,CaLM,2.823418637674239,0.2499999999999999,0.1835626786969017,-0.06643732130309818,8.881784197001252e-16
ESM-2 150M + ESM-2 650M,4,ESM-2 150M,2.8774559478032495,0.1699999999999999,0.1395282824498517,-0.030471717550148214,1.3322676295501878e-15
ESM-2 150M + ESM-2 650M,4,ESM-2 650M,3.6345769213197117,0.8300000000000001,0.8604717175501483,0.030471717550148214,1.3322676295501878e-15
ESM-2 650M + ESM-1b 650M,4,ESM-2 650M,3.6345769213197117,0.36,0.3087934345568938,-0.0512065654431062,8.881784197001252e-16
ESM-2 650M + ESM-1b 650M,4,ESM-1b 650M,4.576317925133008,0.64,0.6912065654431062,0.0512065654431062,8.881784197001252e-16
ESM-2 150M + CaLM,4,ESM-2 150M,2.8774559478032495,0.48,0.4828186923018811,0.0028186923018811427,8.881784197001252e-16
ESM-2 150M + CaLM,4,CaLM,2.8451510081676328,0.52,0.517181307698119,-0.0028186923018810317,8.881784197001252e-16
ESM-2 650M + CaLM,4,ESM-2 650M,3.6345769213197117,0.54,0.5999409852572203,0.05994098525722025,8.881784197001252e-16
ESM-2 650M + CaLM,4,CaLM,2.8451510081676328,0.46,0.4000590147427797,-0.0599409852572203,8.881784197001252e-16
ESM-1b 650M + CaLM,4,ESM-1b 650M,4.576317925133008,0.64,0.7408983016141952,0.10089830161419522,8.881784197001252e-16
ESM-1b 650M + CaLM,4,CaLM,2.8451510081676328,0.36,0.2591016983858047,-0.10089830161419527,8.881784197001252e-16
ESM-2 650M + ESM-1b 650M + CaLM,4,ESM-2 650M,3.6345769213197117,0.25,0.23250334834371775,-0.017496651656282253,8.881784197001252e-16
ESM-2 650M + ESM-1b 650M + CaLM,4,ESM-1b 650M,4.576317925133008,0.5,0.5854927622731168,0.08549276227311675,8.881784197001252e-16
ESM-2 650M + ESM-1b 650M + CaLM,4,CaLM,2.8451510081676328,0.25,0.18200388938316545,-0.06799611061683455,8.881784197001252e-16
ESM-2 150M + ESM-2 650M,5,ESM-2 150M,2.856849521579719,0.16,0.13080912685847676,-0.029190873141523244,8.881784197001252e-16
ESM-2 150M + ESM-2 650M,5,ESM-2 650M,3.6158064294300636,0.84,0.8691908731415232,0.029190873141523244,8.881784197001252e-16
ESM-2 650M + ESM-1b 650M,5,ESM-2 650M,3.6158064294300636,0.37,0.31745554106925417,-0.05254445893074583,8.881784197001252e-16
ESM-2 650M + ESM-1b 650M,5,ESM-1b 650M,4.5657736844512256,0.63,0.6825444589307459,0.052544458930745885,8.881784197001252e-16
ESM-2 150M + CaLM,5,ESM-2 150M,2.856849521579719,0.47,0.4727857833051367,0.0027857833051367353,1.1102230246251565e-15
ESM-2 150M + CaLM,5,CaLM,2.8250885032507007,0.53,0.5272142166948633,-0.00278578330513668,1.1102230246251565e-15
ESM-2 650M + CaLM,5,ESM-2 650M,3.6158064294300636,0.54,0.6003965964469986,0.060396596446998574,1.3322676295501878e-15
ESM-2 650M + CaLM,5,CaLM,2.8250885032507007,0.46,0.39960340355300134,-0.060396596446998685,1.3322676295501878e-15
ESM-1b 650M + CaLM,5,ESM-1b 650M,4.5657736844512256,0.64,0.7418128798060727,0.10181287980607268,1.3322676295501878e-15
ESM-1b 650M + CaLM,5,CaLM,2.8250885032507007,0.36,0.25818712019392737,-0.10181287980607262,1.3322676295501878e-15
ESM-2 650M + ESM-1b 650M + CaLM,5,ESM-2 650M,3.6158064294300636,0.25,0.23219263615845617,-0.017807363841543827,7.771561172376096e-16
ESM-2 650M + ESM-1b 650M + CaLM,5,ESM-1b 650M,4.5657736844512256,0.5,0.5863914723237772,0.0863914723237772,7.771561172376096e-16
ESM-2 650M + ESM-1b 650M + CaLM,5,CaLM,2.8250885032507007,0.25,0.18141589151776663,-0.06858410848223337,7.771561172376096e-16
ESM-2 150M + ESM-2 650M,6,ESM-2 150M,2.8695261684005064,0.1699999999999999,0.13936551178657108,-0.030634488213428818,8.881784197001252e-16
ESM-2 150M + ESM-2 650M,6,ESM-2 650M,3.62948035620744,0.8300000000000001,0.8606344882134289,0.030634488213428845,8.881784197001252e-16
ESM-2 650M + ESM-1b 650M,6,ESM-2 650M,3.62948035620744,0.39,0.3372201570942912,-0.05277984290570881,8.881784197001252e-16
ESM-2 650M + ESM-1b 650M,6,ESM-1b 650M,4.560736566775886,0.61,0.6627798429057088,0.05277984290570881,8.881784197001252e-16
ESM-2 150M + CaLM,6,ESM-2 150M,2.8695261684005064,0.5,0.5047016079779698,0.004701607977969813,8.881784197001252e-16
ESM-2 150M + CaLM,6,CaLM,2.816063342393684,0.5,0.4952983920220302,-0.004701607977969813,8.881784197001252e-16
ESM-2 650M + CaLM,6,ESM-2 650M,3.62948035620744,0.55,0.6116896723571841,0.06168967235718403,8.881784197001252e-16
ESM-2 650M + CaLM,6,CaLM,2.816063342393684,0.45,0.3883103276428158,-0.0616896723571842,8.881784197001252e-16
ESM-1b 650M + CaLM,6,ESM-1b 650M,4.560736566775886,0.6499999999999999,0.7504817762260998,0.10048177622609988,8.881784197001252e-16
ESM-1b 650M + CaLM,6,CaLM,2.816063342393684,0.35,0.24951822377390023,-0.10048177622609974,8.881784197001252e-16
ESM-2 650M + ESM-1b 650M + CaLM,6,ESM-2 650M,3.62948035620744,0.3,0.28317032737756104,-0.01682967262243895,1.3322676295501878e-15
ESM-2 650M + ESM-1b 650M + CaLM,6,ESM-1b 650M,4.560736566775886,0.45,0.5337397395558169,0.08373973955581687,1.3322676295501878e-15
ESM-2 650M + ESM-1b 650M + CaLM,6,CaLM,2.816063342393684,0.2499999999999999,0.1830899330666221,-0.06691006693337778,1.3322676295501878e-15
ESM-2 150M + ESM-2 650M,7,ESM-2 150M,2.8537276195009618,0.14,0.11381622245766818,-0.026183777542331838,8.881784197001252e-16
ESM-2 150M + ESM-2 650M,7,ESM-2 650M,3.617110124167514,0.86,0.8861837775423318,0.02618377754233181,8.881784197001252e-16
ESM-2 650M + ESM-1b 650M,7,ESM-2 650M,3.617110124167514,0.39,0.33747448644649053,-0.052525513553509484,1.7763568394002505e-15
ESM-2 650M + ESM-1b 650M,7,ESM-1b 650M,4.540024175945992,0.61,0.6625255135535094,0.05252551355350943,1.7763568394002505e-15
ESM-2 150M + CaLM,7,ESM-2 150M,2.8537276195009618,0.48,0.48306077816021425,0.0030607781602142725,1.3322676295501878e-15
ESM-2 150M + CaLM,7,CaLM,2.818954852372172,0.52,0.5169392218397858,-0.003060778160214217,1.3322676295501878e-15
ESM-2 650M + CaLM,7,ESM-2 650M,3.617110124167514,0.55,0.6106344544399152,0.06063445443991511,8.881784197001252e-16
ESM-2 650M + CaLM,7,CaLM,2.818954852372172,0.45,0.3893655455600849,-0.06063445443991511,8.881784197001252e-16
ESM-1b 650M + CaLM,7,ESM-1b 650M,4.540024175945992,0.64,0.7411453946749582,0.1011453946749582,8.881784197001252e-16
ESM-1b 650M + CaLM,7,CaLM,2.818954852372172,0.36,0.25885460532504173,-0.10114539467495826,8.881784197001252e-16
ESM-2 650M + ESM-1b 650M + CaLM,7,ESM-2 650M,3.617110124167514,0.3,0.2831114704356164,-0.01688852956438358,1.3322676295501878e-15
ESM-2 650M + ESM-1b 650M + CaLM,7,ESM-1b 650M,4.540024175945992,0.45,0.5330220298011273,0.08302202980112733,1.3322676295501878e-15
ESM-2 650M + ESM-1b 650M + CaLM,7,CaLM,2.818954852372172,0.2499999999999999,0.18386649976325617,-0.06613350023674372,1.3322676295501878e-15
ESM-2 150M + ESM-2 650M,8,ESM-2 150M,2.8611066351493446,0.15,0.12223410063050766,-0.027765899369492336,1.3322676295501878e-15
ESM-2 150M + ESM-2 650M,8,ESM-2 650M,3.625706967935754,0.85,0.8777658993694923,0.027765899369492364,1.3322676295501878e-15
ESM-2 650M + ESM-1b 650M,8,ESM-2 650M,3.625706967935754,0.38,0.32795412603084806,-0.052045873969151946,1.3322676295501878e-15
ESM-2 650M + ESM-1b 650M,8,ESM-1b 650M,4.553763043585082,0.62,0.672045873969152,0.05204587396915206,1.3322676295501878e-15
ESM-2 150M + CaLM,8,ESM-2 150M,2.8611066351493446,0.48,0.4824592482479856,0.0024592482479856015,1.1102230246251565e-15
ESM-2 150M + CaLM,8,CaLM,2.8330605378909017,0.52,0.5175407517520144,-0.0024592482479856015,1.1102230246251565e-15
ESM-2 650M + CaLM,8,ESM-2 650M,3.625706967935754,0.54,0.6003765602185309,0.060376560218530884,8.881784197001252e-16
ESM-2 650M + CaLM,8,CaLM,2.8330605378909017,0.46,0.399623439781469,-0.060376560218530995,8.881784197001252e-16
ESM-1b 650M + CaLM,8,ESM-1b 650M,4.553763043585082,0.64,0.7407673119428362,0.10076731194283617,8.881784197001252e-16
ESM-1b 650M + CaLM,8,CaLM,2.8330605378909017,0.36,0.2592326880571638,-0.10076731194283617,8.881784197001252e-16
ESM-2 650M + ESM-1b 650M + CaLM,8,ESM-2 650M,3.625706967935754,0.3,0.282877459831291,-0.01712254016870901,1.1102230246251565e-15
ESM-2 650M + ESM-1b 650M + CaLM,8,ESM-1b 650M,4.553763043585082,0.45,0.5329265163324896,0.08292651633248954,1.1102230246251565e-15
ESM-2 650M + ESM-1b 650M + CaLM,8,CaLM,2.8330605378909017,0.2499999999999999,0.18419602383621936,-0.06580397616378053,1.1102230246251565e-15
ESM-2 150M + ESM-2 650M,9,ESM-2 150M,2.8412042717657258,0.15,0.12178737890186293,-0.02821262109813706,8.881784197001252e-16
ESM-2 150M + ESM-2 650M,9,ESM-2 650M,3.6155317760219132,0.85,0.878212621098137,0.028212621098137047,8.881784197001252e-16
ESM-2 650M + ESM-1b 650M,9,ESM-2 650M,3.6155317760219132,0.39,0.33810057838182966,-0.05189942161817035,1.1102230246251565e-15
ESM-2 650M + ESM-1b 650M,9,ESM-1b 650M,4.5253590510004065,0.61,0.6618994216181703,0.051899421618170294,1.1102230246251565e-15
ESM-2 150M + CaLM,9,ESM-2 150M,2.8412042717657258,0.47,0.47223929307357326,0.0022392930735732897,1.7763568394002505e-15
ESM-2 150M + CaLM,9,CaLM,2.815784279970277,0.53,0.5277607069264267,-0.0022392930735732897,1.7763568394002505e-15
ESM-2 650M + CaLM,9,ESM-2 650M,3.6155317760219132,0.54,0.6011695856303813,0.06116958563038122,8.881784197001252e-16
ESM-2 650M + CaLM,9,CaLM,2.815784279970277,0.46,0.3988304143696188,-0.06116958563038122,8.881784197001252e-16
ESM-1b 650M + CaLM,9,ESM-1b 650M,4.5253590510004065,0.63,0.7323685269587904,0.1023685269587904,1.3322676295501878e-15
ESM-1b 650M + CaLM,9,CaLM,2.815784279970277,0.37,0.26763147304120954,-0.10236852695879045,1.3322676295501878e-15
ESM-2 650M + ESM-1b 650M + CaLM,9,ESM-2 650M,3.6155317760219132,0.3,0.28356984634822924,-0.01643015365177075,1.7763568394002505e-15
ESM-2 650M + ESM-1b 650M + CaLM,9,ESM-1b 650M,4.5253590510004065,0.45,0.5323927918183132,0.08239279181831322,1.7763568394002505e-15
ESM-2 650M + ESM-1b 650M + CaLM,9,CaLM,2.815784279970277,0.2499999999999999,0.18403736183345765,-0.06596263816654224,1.7763568394002505e-15
ESM-2 150M + ESM-2 650M,10,ESM-2 150M,2.8669935910907616,0.15,0.1224391087767674,-0.02756089122323259,8.881784197001252e-16
ESM-2 150M + ESM-2 650M,10,ESM-2 650M,3.6262367609375703,0.85,0.8775608912232326,0.027560891223232575,8.881784197001252e-16
ESM-2 650M + ESM-1b 650M,10,ESM-2 650M,3.6262367609375703,0.38,0.3273027744368368,-0.0526972255631632,1.3322676295501878e-15
ESM-2 650M + ESM-1b 650M,10,ESM-1b 650M,4.567914991957561,0.62,0.6726972255631632,0.05269722556316325,1.3322676295501878e-15
ESM-2 150M + CaLM,10,ESM-2 150M,2.8669935910907616,0.47,0.4717194382094486,0.0017194382094486427,8.881784197001252e-16
ESM-2 150M + CaLM,10,CaLM,2.847276009195937,0.53,0.5282805617905513,-0.0017194382094487537,8.881784197001252e-16
ESM-2 650M + CaLM,10,ESM-2 650M,3.6262367609375703,0.54,0.5992101880490861,0.059210188049086065,8.881784197001252e-16
ESM-2 650M + CaLM,10,CaLM,2.847276009195937,0.46,0.4007898119509139,-0.05921018804908612,8.881784197001252e-16
ESM-1b 650M + CaLM,10,ESM-1b 650M,4.567914991957561,0.64,0.7404018568713704,0.10040185687137038,8.881784197001252e-16
ESM-1b 650M + CaLM,10,CaLM,2.847276009195937,0.36,0.2595981431286296,-0.10040185687137038,8.881784197001252e-16
ESM-2 650M + ESM-1b 650M + CaLM,10,ESM-2 650M,3.6262367609375703,0.25,0.23754901395324476,-0.012450986046755236,8.881784197001252e-16
ESM-2 650M + ESM-1b 650M + CaLM,10,ESM-1b 650M,4.567914991957561,0.45,0.5386263481003851,0.08862634810038511,8.881784197001252e-16
ESM-2 650M + ESM-1b 650M + CaLM,10,CaLM,2.847276009195937,0.3,0.22382463794637011,-0.07617536205362987,8.881784197001252e-16
