gene,model,mean_raw_calm_weight,sd_raw_calm_weight,mean_standardized_equivalent_calm_weight,sd_standardized_equivalent_calm_weight
AARS1,ESM-1b 650M + CaLM,0.148,0.1411382301150188,0.12708019307221693,0.12052352546563048
AARS1,ESM-2 650M + CaLM,0.012,0.010954451150103323,0.011299021389271593,0.010386148855220795
AARS2,ESM-1b 650M + CaLM,0.1,0.07071067811865475,0.05790177837827861,0.03984994153965143
AARS2,ESM-2 650M + CaLM,0.06000000000000001,0.05477225575051661,0.042181104767439304,0.03852862507774064
ABCB7,ESM-1b 650M + CaLM,0.44800000000000006,0.25043961347997645,0.3556550537176566,0.19953072002025865
ABCB7,ESM-2 650M + CaLM,0.33,0.09746794344808965,0.37289186083960113,0.1070900724655906
ABCD1,ESM-1b 650M + CaLM,0.16599999999999998,0.03507135583350036,0.11359534080589836,0.02481313513215901
ABCD1,ESM-2 650M + CaLM,0.458,0.05848076606885377,0.40622967772993307,0.055025918454483666
ACAD9,ESM-1b 650M + CaLM,0.45200000000000007,0.20945166506857854,0.43787601667596315,0.20700266198755615
ACAD9,ESM-2 650M + CaLM,0.246,0.22589820716420042,0.23594704654901566,0.21691001758469106
ACADS,ESM-1b 650M + CaLM,0.11400000000000002,0.10406728592598156,0.13049727046854415,0.11982505744348435
ACADS,ESM-2 650M + CaLM,0.094,0.21019038988498023,0.09232782705923506,0.2064512975192941
ACADVL,ESM-1b 650M + CaLM,0.164,0.12856904759700136,0.13745278179738296,0.10789322574284747
ACADVL,ESM-2 650M + CaLM,0.274,0.16786899654194637,0.25088313694665676,0.15405274312691478
ACTN4,ESM-1b 650M + CaLM,0.454,0.3540197734590541,0.4679476149379546,0.36393731381665323
ACTN4,ESM-2 650M + CaLM,0.5640000000000001,0.35401977345905417,0.5626995293029601,0.35860358572359047
ACVRL1,ESM-1b 650M + CaLM,0.062,0.11670475568716127,0.0570195929416278,0.10793450613419267
ACVRL1,ESM-2 650M + CaLM,0.274,0.10876580344942981,0.24871022093267697,0.09971722631096602
ADA,ESM-1b 650M + CaLM,0.0,0.0,0.0,0.0
ADA,ESM-2 650M + CaLM,0.0,0.0,0.0,0.0
ADAMTSL2,ESM-1b 650M + CaLM,0.0,0.0,0.0,0.0
ADAMTSL2,ESM-2 650M + CaLM,0.0,0.0,0.0,0.0
ADGRG1,ESM-1b 650M + CaLM,0.5900000000000001,0.4457016939613311,0.5689344866059047,0.44845830008529747
ADGRG1,ESM-2 650M + CaLM,0.786,0.12739701723352867,0.7706309238373235,0.14887234935350668
AFG3L2,ESM-1b 650M + CaLM,0.462,0.12132600710482482,0.33029866412285436,0.10352164482666303
AFG3L2,ESM-2 650M + CaLM,0.79,0.14282856857085696,0.7411819859856001,0.1697559838482256
AIFM1,ESM-1b 650M + CaLM,0.634,0.15582040944625966,0.4981950226260209,0.1886191190575821
AIFM1,ESM-2 650M + CaLM,0.098,0.1277497553813705,0.0911807635117233,0.120242870730892
AIRE,ESM-1b 650M + CaLM,0.366,0.21881499034572563,0.2644748368883518,0.1591340615144134
AIRE,ESM-2 650M + CaLM,0.0,0.0,0.0,0.0
AK2,ESM-1b 650M + CaLM,0.368,0.20571825392998067,0.31373789538866703,0.17567649053367485
AK2,ESM-2 650M + CaLM,0.0,0.0,0.0,0.0
ALAS2,ESM-1b 650M + CaLM,0.16,0.2646696053573209,0.1435884129915571,0.24169784430944039
ALAS2,ESM-2 650M + CaLM,0.588,0.18047160441465573,0.5882865420256176,0.1843278677210486
ALDH18A1,ESM-1b 650M + CaLM,0.0,0.0,0.0,0.0
ALDH18A1,ESM-2 650M + CaLM,0.296,0.13630847369110993,0.2856914955298376,0.13566583354794542
ALDH3A2,ESM-1b 650M + CaLM,0.024,0.021908902300206645,0.019053996932519218,0.017396702478506117
ALDH3A2,ESM-2 650M + CaLM,0.156,0.07602631123499286,0.12617231027428497,0.062084963592288794
ALDH5A1,ESM-1b 650M + CaLM,0.006,0.005477225575051661,0.0049103943973287465,0.0044865857715599405
ALDH5A1,ESM-2 650M + CaLM,0.366,0.12641202474448382,0.3250809022975184,0.13139654878921445
ALG1,ESM-1b 650M + CaLM,0.49800000000000005,0.09338094023943004,0.4012441847257205,0.09487402699966964
ALG1,ESM-2 650M + CaLM,0.398,0.10084641788382964,0.35478934741577994,0.08615346024927174
ALOXE3,ESM-1b 650M + CaLM,0.304,0.169941166289984,0.1575970446526658,0.08941430348918376
ALOXE3,ESM-2 650M + CaLM,0.45,0.0552268050859363,0.23863449406231158,0.04077957802334674
AMHR2,ESM-1b 650M + CaLM,0.016,0.03577708763999664,0.015075665032665983,0.03371021181905773
AMHR2,ESM-2 650M + CaLM,0.068,0.15205262246998572,0.059768005813410074,0.13364532387838754
ANO3,ESM-1b 650M + CaLM,0.0,0.0,0.0,0.0
ANO3,ESM-2 650M + CaLM,0.0,0.0,0.0,0.0
ANOS1,ESM-1b 650M + CaLM,0.36,0.04472135954999579,0.2628638412374268,0.03769633529784631
ANOS1,ESM-2 650M + CaLM,0.066,0.021908902300206645,0.05442282455455333,0.016805566593514818
APP,ESM-1b 650M + CaLM,0.16,0.10246950765959599,0.05700607855984084,0.04165161280375528
APP,ESM-2 650M + CaLM,0.594,0.4731067532809059,0.5368668989262957,0.47031117703959247
AR,ESM-1b 650M + CaLM,0.002,0.00447213595499958,0.0012078421929090373,0.0027008172494370217
AR,ESM-2 650M + CaLM,0.6900000000000001,0.3863288754416372,0.6869979926583193,0.38475318859561747
ARSA,ESM-1b 650M + CaLM,0.054000000000000006,0.08792041856133306,0.04476721040837316,0.07414288486445021
ARSA,ESM-2 650M + CaLM,0.008,0.010954451150103323,0.006903245197691886,0.009453504859915553
ARSB,ESM-1b 650M + CaLM,0.27799999999999997,0.20813457185196313,0.2295576763093635,0.17532710405248517
ARSB,ESM-2 650M + CaLM,0.13399999999999998,0.11126544836560899,0.12564730414014966,0.10557565425923886
ARSL,ESM-1b 650M + CaLM,0.0,0.0,0.0,0.0
ARSL,ESM-2 650M + CaLM,0.038,0.030331501776206204,0.030576662553846577,0.024425423064683264
ARX,ESM-1b 650M + CaLM,0.352,0.13292855223765884,0.2467951107567818,0.09665692841759752
ARX,ESM-2 650M + CaLM,0.386,0.2913417237540823,0.3597367416976978,0.2783454136010626
ASAH1,ESM-1b 650M + CaLM,0.268,0.3669741135284613,0.14119721170476907,0.19345109621831202
ASAH1,ESM-2 650M + CaLM,0.362,0.13700364958642525,0.1685997242499501,0.0765120333250444
ASL,ESM-1b 650M + CaLM,0.458,0.26780589986032793,0.41423410796518356,0.24826907764220077
ASL,ESM-2 650M + CaLM,0.784,0.11523888232710351,0.7340032627693762,0.13184045745400907
ASPA,ESM-1b 650M + CaLM,0.378,0.21844907873461034,0.1909406908251503,0.13057030398973127
ASPA,ESM-2 650M + CaLM,0.368,0.23209911675833667,0.2303460638142394,0.15896823704342175
ATP1A2,ESM-1b 650M + CaLM,0.066,0.060249481325568274,0.058094646272073,0.05311548158465918
ATP1A2,ESM-2 650M + CaLM,0.126,0.25957657829627073,0.11834006847188745,0.24488559834485
ATP1A3,ESM-1b 650M + CaLM,0.40199999999999997,0.11454256850621082,0.4767178846466595,0.1202141048952357
ATP1A3,ESM-2 650M + CaLM,0.11600000000000002,0.10691117808723279,0.11886528966076744,0.1091724904411081
ATP6V1B2,ESM-1b 650M + CaLM,0.074,0.06308724118235001,0.05915322848295244,0.050700481519388
ATP6V1B2,ESM-2 650M + CaLM,0.0,0.0,0.0,0.0
AVPR2,ESM-1b 650M + CaLM,0.12000000000000002,0.10954451150103324,0.09754585565149893,0.08922466167073032
AVPR2,ESM-2 650M + CaLM,0.33799999999999997,0.07949842765740715,0.3256851823361172,0.07860775783345914
BAG3,ESM-1b 650M + CaLM,0.012,0.010954451150103323,0.0053933394919361164,0.0049332546377641685
BAG3,ESM-2 650M + CaLM,0.45199999999999996,0.27689348132449776,0.32298868050120694,0.2174204197182915
BAP1,ESM-1b 650M + CaLM,0.192,0.18566098136118964,0.122752371761539,0.12194572311640504
BAP1,ESM-2 650M + CaLM,0.0,0.0,0.0,0.0
BBS12,ESM-1b 650M + CaLM,0.0,0.0,0.0,0.0
BBS12,ESM-2 650M + CaLM,0.0,0.0,0.0,0.0
BCKDHA,ESM-1b 650M + CaLM,0.26,0.0552268050859363,0.24686849005072023,0.07083321225872988
BCKDHA,ESM-2 650M + CaLM,0.032,0.07155417527999328,0.031618390281755296,0.07070087000912356
BCL11A,ESM-1b 650M + CaLM,0.288,0.3618977756217907,0.20564006675187244,0.2909688586499094
BCL11A,ESM-2 650M + CaLM,0.21000000000000002,0.2924038303442689,0.15895830720532328,0.22230476507503794
BICD2,ESM-1b 650M + CaLM,0.0,0.0,0.0,0.0
BICD2,ESM-2 650M + CaLM,0.01,0.0223606797749979,0.00478577789978934,0.01070132470914514
BMPR1B,ESM-1b 650M + CaLM,0.176,0.09838699100999074,0.1038158943643324,0.05858392287717742
BMPR1B,ESM-2 650M + CaLM,0.006,0.005477225575051661,0.004397342005097174,0.004047230707160336
BRAF,ESM-1b 650M + CaLM,0.27399999999999997,0.030495901363953803,0.21778756754336098,0.026405034273960366
BRAF,ESM-2 650M + CaLM,0.0,0.0,0.0,0.0
BRAT1,ESM-1b 650M + CaLM,0.018,0.01643167672515498,0.011303787080864814,0.010411461362729935
BRAT1,ESM-2 650M + CaLM,0.20999999999999996,0.19170289512680813,0.14142584140436454,0.12934100826665948
BTK,ESM-1b 650M + CaLM,0.5,0.34777866524558404,0.4341362909354979,0.3231459333744962
BTK,ESM-2 650M + CaLM,0.162,0.23605084198112913,0.1546900991054232,0.22685339611494695
C1R,ESM-1b 650M + CaLM,0.6,0.33541019662496846,0.49380235693501257,0.27634792944340825
C1R,ESM-2 650M + CaLM,0.21999999999999997,0.12569805089976532,0.16549019691406164,0.09583027681418568
CAMK2B,ESM-1b 650M + CaLM,0.354,0.026076809620810593,0.2268559880472413,0.019408200212363873
CAMK2B,ESM-2 650M + CaLM,0.502,0.3180723188207361,0.47178068115608596,0.306172672554251
CASK,ESM-1b 650M + CaLM,0.284,0.3472463102755737,0.24203144459531406,0.3319373936262592
CASK,ESM-2 650M + CaLM,0.026000000000000002,0.008944271909999158,0.01940162226062348,0.0068426234330173
CBL,ESM-1b 650M + CaLM,0.0,0.0,0.0,0.0
CBL,ESM-2 650M + CaLM,0.13999999999999999,0.08246211251235322,0.12072904080664652,0.07302834602543959
CCN6,ESM-1b 650M + CaLM,0.0,0.0,0.0,0.0
CCN6,ESM-2 650M + CaLM,0.33399999999999996,0.169941166289984,0.3403523295037635,0.18018574416223954
CD40LG,ESM-1b 650M + CaLM,0.0,0.0,0.0,0.0
CD40LG,ESM-2 650M + CaLM,0.086,0.1923018460649819,0.06113885800586175,0.13671064256781412
CDH1,ESM-1b 650M + CaLM,0.898,0.06723094525588645,0.8639111822906909,0.08305543701676267
CDH1,ESM-2 650M + CaLM,0.406,0.30525399260288144,0.3744315168194714,0.2987864223226713
CDKL5,ESM-1b 650M + CaLM,0.236,0.13685759021698432,0.15034626570727377,0.09075360616335915
CDKL5,ESM-2 650M + CaLM,0.086,0.09262828941527529,0.06877599847289187,0.07588446281728724
CDKN2A,ESM-1b 650M + CaLM,0.0,0.0,0.0,0.0
CDKN2A,ESM-2 650M + CaLM,0.08399999999999999,0.1878297101099823,0.07070010628189141,0.1580902436627691
CERT1,ESM-1b 650M + CaLM,0.0,0.0,0.0,0.0
CERT1,ESM-2 650M + CaLM,0.15,0.13693063937629152,0.09344135160590997,0.08604853289379429
CFI,ESM-1b 650M + CaLM,0.0,0.0,0.0,0.0
CFI,ESM-2 650M + CaLM,0.0,0.0,0.0,0.0
CHAT,ESM-1b 650M + CaLM,0.162,0.14788509052639484,0.12181316376602065,0.11177154950824435
CHAT,ESM-2 650M + CaLM,0.04,0.022360679774997897,0.035900425192114074,0.020136509333853893
CHEK2,ESM-1b 650M + CaLM,0.0,0.0,0.0,0.0
CHEK2,ESM-2 650M + CaLM,0.0,0.0,0.0,0.0
CHM,ESM-1b 650M + CaLM,0.388,0.2899482712485108,0.30045761450488423,0.25822326768038895
CHM,ESM-2 650M + CaLM,0.074,0.16546903033498442,0.049061908146322504,0.10970576172102782
CHRNE,ESM-1b 650M + CaLM,0.522,0.15238110119040355,0.4575376551054934,0.1356742689675531
CHRNE,ESM-2 650M + CaLM,0.5359999999999999,0.30753861546153843,0.5106008799462397,0.2933963354463482
CHST3,ESM-1b 650M + CaLM,0.048,0.04381780460041329,0.02840019144918775,0.025986734104654942
CHST3,ESM-2 650M + CaLM,0.0,0.0,0.0,0.0
CLCN1,ESM-1b 650M + CaLM,0.23600000000000004,0.11349008767288886,0.18929429584340798,0.09297057483570513
CLCN1,ESM-2 650M + CaLM,0.244,0.030495901363953817,0.2284348649132327,0.031137140838130312
CLCN4,ESM-1b 650M + CaLM,0.286,0.3108536633208623,0.24840719534892503,0.28922768650860686
CLCN4,ESM-2 650M + CaLM,0.078,0.1744133022449836,0.06652817161886526,0.14876151415855496
CLCN5,ESM-1b 650M + CaLM,0.0,0.0,0.0,0.0
CLCN5,ESM-2 650M + CaLM,0.3,0.27386127875258304,0.2786360335138761,0.25512999142288423
CLCN7,ESM-1b 650M + CaLM,0.5640000000000001,0.03130495168499703,0.4636582337327157,0.032689196952018815
CLCN7,ESM-2 650M + CaLM,0.454,0.19449935732541637,0.4066821590264655,0.1903949310430793
CLCNKB,ESM-1b 650M + CaLM,0.168,0.04919349550499537,0.11570510078955447,0.035636083901808016
CLCNKB,ESM-2 650M + CaLM,0.088,0.05215361924162119,0.06291174459571332,0.03740449494290066
CNGA1,ESM-1b 650M + CaLM,0.0,0.0,0.0,0.0
CNGA1,ESM-2 650M + CaLM,0.0,0.0,0.0,0.0
CNGA3,ESM-1b 650M + CaLM,0.37200000000000005,0.21170734517252823,0.3263659535743726,0.19092155816656356
CNGA3,ESM-2 650M + CaLM,0.45599999999999996,0.07402702209328699,0.4582770251771559,0.08280952211811425
CNGB3,ESM-1b 650M + CaLM,0.682,0.3812741795611132,0.6080986599825968,0.35050354351244806
CNGB3,ESM-2 650M + CaLM,0.5599999999999999,0.24708298201211676,0.46976773576581027,0.275392048553546
CNNM2,ESM-1b 650M + CaLM,0.0,0.0,0.0,0.0
CNNM2,ESM-2 650M + CaLM,0.0,0.0,0.0,0.0
CNOT3,ESM-1b 650M + CaLM,0.144,0.13145341380123987,0.10256868929080735,0.09442672435069722
CNOT3,ESM-2 650M + CaLM,0.766,0.25471552759892757,0.7598112823497909,0.2566989448290938
COL10A1,ESM-1b 650M + CaLM,0.254,0.20983326714322498,0.19386083435027904,0.1697190792615357
COL10A1,ESM-2 650M + CaLM,0.8560000000000001,0.16905620367203325,0.8257603969964503,0.19051054099464232
COL6A2,ESM-1b 650M + CaLM,0.882,0.08843076387773655,0.8538853322946487,0.10379263977967423
COL6A2,ESM-2 650M + CaLM,0.806,0.10691117808723276,0.7917643946145108,0.11379386561594441
COMP,ESM-1b 650M + CaLM,0.38,0.24072806234421446,0.30594592105647556,0.22700844761290084
COMP,ESM-2 650M + CaLM,0.066,0.04505552130427524,0.04899685566149832,0.03381018323404141
COQ4,ESM-1b 650M + CaLM,0.32599999999999996,0.05272570530585626,0.27978185150869683,0.04981323910738395
COQ4,ESM-2 650M + CaLM,0.0,0.0,0.0,0.0
COQ8A,ESM-1b 650M + CaLM,0.0,0.0,0.0,0.0
COQ8A,ESM-2 650M + CaLM,0.128,0.07362064927722385,0.11229114717143092,0.06419440945779986
COQ8B,ESM-1b 650M + CaLM,0.0,0.0,0.0,0.0
COQ8B,ESM-2 650M + CaLM,0.246,0.2245662485771181,0.24349255264705852,0.22297398594606754
CPT1A,ESM-1b 650M + CaLM,0.066,0.14758048651498615,0.04432878230455499,0.09912217059277474
CPT1A,ESM-2 650M + CaLM,0.254,0.2411016383187804,0.16153597173454656,0.16055298419302236
CPT2,ESM-1b 650M + CaLM,0.0,0.0,0.0,0.0
CPT2,ESM-2 650M + CaLM,0.16999999999999998,0.23727621035409344,0.14476296326615526,0.2003858435516577
CSF1R,ESM-1b 650M + CaLM,0.14,0.182208671582886,0.09355322080178498,0.13037132554721845
CSF1R,ESM-2 650M + CaLM,0.61,0.38262252939417984,0.5769591187696144,0.3954433967569848
CSNK2A1,ESM-1b 650M + CaLM,0.0,0.0,0.0,0.0
CSNK2A1,ESM-2 650M + CaLM,0.0,0.0,0.0,0.0
CTCF,ESM-1b 650M + CaLM,0.458,0.0438178046004133,0.34313417368701304,0.042153986809748654
CTCF,ESM-2 650M + CaLM,0.006,0.005477225575051661,0.0050215821581182625,0.004584436672089461
CTNNB1,ESM-1b 650M + CaLM,0.0,0.0,0.0,0.0
CTNNB1,ESM-2 650M + CaLM,0.0,0.0,0.0,0.0
CTNS,ESM-1b 650M + CaLM,0.458,0.04919349550499536,0.37404621457649034,0.042809556962756914
CTNS,ESM-2 650M + CaLM,0.604,0.22995651762887698,0.6025309193866584,0.23228490410219227
CUL3,ESM-1b 650M + CaLM,0.552,0.308577380894971,0.47575096354314955,0.26666973070293065
CUL3,ESM-2 650M + CaLM,0.28,0.2683281572999748,0.25777192783484043,0.26314401924186626
CYBB,ESM-1b 650M + CaLM,0.028000000000000004,0.02280350850198276,0.021648795152505416,0.01737270048211715
CYBB,ESM-2 650M + CaLM,0.268,0.12214745187681977,0.2667407690415053,0.12749282026838424
CYP11B1,ESM-1b 650M + CaLM,0.34,0.22748626332154653,0.3078253739519843,0.21450375584370682
CYP11B1,ESM-2 650M + CaLM,0.0,0.0,0.0,0.0
CYP11B2,ESM-1b 650M + CaLM,0.026000000000000002,0.019493588689617928,0.016544907099788876,0.012336514469797414
CYP11B2,ESM-2 650M + CaLM,0.6719999999999999,0.06572670690061994,0.6060951237355693,0.07334968260868828
CYP19A1,ESM-1b 650M + CaLM,0.24000000000000005,0.21908902300206645,0.20300292640649445,0.18589680546488835
CYP19A1,ESM-2 650M + CaLM,0.484,0.2426520142096496,0.4300498337042445,0.22374865900977872
CYP27A1,ESM-1b 650M + CaLM,0.45600000000000007,0.41626914370392626,0.4329413443555348,0.3959416163495777
CYP27A1,ESM-2 650M + CaLM,0.24000000000000005,0.30789608636681304,0.2623483715692872,0.33186951856234964
CYP27B1,ESM-1b 650M + CaLM,0.0,0.0,0.0,0.0
CYP27B1,ESM-2 650M + CaLM,0.176,0.19641792178922982,0.14056973971284786,0.15875518213682183
CYP4F22,ESM-1b 650M + CaLM,0.0,0.0,0.0,0.0
CYP4F22,ESM-2 650M + CaLM,0.516,0.3163542318351376,0.4654790307446233,0.2857077481266394
DARS2,ESM-1b 650M + CaLM,0.27,0.24647515087732477,0.22055918161988436,0.20187036057082253
DARS2,ESM-2 650M + CaLM,0.23199999999999998,0.16619265928433782,0.1928887272576044,0.1454920404402105
DBT,ESM-1b 650M + CaLM,0.6859999999999999,0.3835101041693687,0.6475014133199191,0.3620487400291064
DBT,ESM-2 650M + CaLM,0.11200000000000002,0.06260990336999411,0.1039606006853124,0.05818007650483313
DCLRE1C,ESM-1b 650M + CaLM,0.402,0.2713300573102803,0.3487629482174477,0.2390873517311178
DCLRE1C,ESM-2 650M + CaLM,0.532,0.12214745187681979,0.5300193592756981,0.1056943213462172
DEAF1,ESM-1b 650M + CaLM,0.0,0.0,0.0,0.0
DEAF1,ESM-2 650M + CaLM,0.048,0.04381780460041329,0.013979649528872162,0.012772910670354567
DEGS1,ESM-1b 650M + CaLM,0.0,0.0,0.0,0.0
DEGS1,ESM-2 650M + CaLM,0.304,0.3567632268045573,0.2954281012089864,0.35424826913173
DKC1,ESM-1b 650M + CaLM,0.514,0.21582400237230334,0.4387555723121602,0.19564077646315378
DKC1,ESM-2 650M + CaLM,0.174,0.15883954167649816,0.14636892954569475,0.13464886882462085
DLL4,ESM-1b 650M + CaLM,0.072,0.02683281572999748,0.05367513596333386,0.019686823051718583
DLL4,ESM-2 650M + CaLM,0.24,0.1341640786499874,0.19834658508280253,0.11095280488337354
DNAI1,ESM-1b 650M + CaLM,0.2,0.11180339887498948,0.13880230741628485,0.07923117356670303
DNAI1,ESM-2 650M + CaLM,0.434,0.39163758757300093,0.38572548121285244,0.34970164131710624
DNM1,ESM-1b 650M + CaLM,0.258,0.15722595205626835,0.19686462604882443,0.1227525562745669
DNM1,ESM-2 650M + CaLM,0.5980000000000001,0.1453272169966796,0.5848545978230606,0.14162313311187327
DNM2,ESM-1b 650M + CaLM,0.0,0.0,0.0,0.0
DNM2,ESM-2 650M + CaLM,0.446,0.2791594526431086,0.40480409778269016,0.25937642895173013
DOK7,ESM-1b 650M + CaLM,0.018,0.04024922359499621,0.004129374452696578,0.009233561980780538
DOK7,ESM-2 650M + CaLM,0.0,0.0,0.0,0.0
DPF2,ESM-1b 650M + CaLM,0.12000000000000002,0.10954451150103323,0.09863019510029507,0.09015543965134151
DPF2,ESM-2 650M + CaLM,0.0,0.0,0.0,0.0
DYRK1A,ESM-1b 650M + CaLM,0.434,0.060249481325568253,0.299323687749151,0.05234555799176816
DYRK1A,ESM-2 650M + CaLM,0.044000000000000004,0.06387487769068526,0.03393236977021002,0.04924614636016801
EBF3,ESM-1b 650M + CaLM,0.4,0.30454884665682125,0.20778278052502194,0.20069917991378952
EBF3,ESM-2 650M + CaLM,0.556,0.5093427137007067,0.5317453310932865,0.4896701117294224
ECEL1,ESM-1b 650M + CaLM,0.34,0.2644806231087639,0.2739088745917626,0.232847248056705
ECEL1,ESM-2 650M + CaLM,0.0,0.0,0.0,0.0
EDA,ESM-1b 650M + CaLM,0.418,0.1502331521336086,0.29490516402028455,0.13458538004883866
EDA,ESM-2 650M + CaLM,0.504,0.13277801022759755,0.4342184653108103,0.13526105655573642
EDAR,ESM-1b 650M + CaLM,0.472,0.44347491473588446,0.4025353069350639,0.39263635638720373
EDAR,ESM-2 650M + CaLM,0.402,0.37352376095772005,0.3305144947666941,0.3126526533969536
EEF1A2,ESM-1b 650M + CaLM,0.404,0.14518953130305232,0.4123397533666183,0.1504300281930379
EEF1A2,ESM-2 650M + CaLM,0.314,0.4420180991769455,0.28768255497693207,0.41264180262848615
EFNB1,ESM-1b 650M + CaLM,0.0,0.0,0.0,0.0
EFNB1,ESM-2 650M + CaLM,0.0,0.0,0.0,0.0
EFTUD2,ESM-1b 650M + CaLM,0.09,0.0821583836257749,0.07448449209212461,0.06804510450942254
EFTUD2,ESM-2 650M + CaLM,0.0,0.0,0.0,0.0
EIF2B5,ESM-1b 650M + CaLM,0.256,0.14415269681833914,0.22589578315689146,0.12642921190265335
EIF2B5,ESM-2 650M + CaLM,0.0,0.0,0.0,0.0
ELAC2,ESM-1b 650M + CaLM,0.15,0.33541019662496846,0.12866479889449445,0.28770323663942937
ELAC2,ESM-2 650M + CaLM,0.0,0.0,0.0,0.0
ELANE,ESM-1b 650M + CaLM,0.054000000000000006,0.07797435475847171,0.0510311313125798,0.0732690103510486
ELANE,ESM-2 650M + CaLM,0.018,0.01643167672515498,0.016295181986305706,0.01488948817873813
ELN,ESM-1b 650M + CaLM,0.16799999999999998,0.18143869488066763,0.10907013681036877,0.11521551516214054
ELN,ESM-2 650M + CaLM,0.43599999999999994,0.48992856622164827,0.4173905922154361,0.48730787997766706
EMD,ESM-1b 650M + CaLM,0.632,0.14788509052639487,0.558321798001782,0.1738738836225232
EMD,ESM-2 650M + CaLM,0.6679999999999999,0.18074844397670484,0.5862852568601662,0.2057083486969003
ENG,ESM-1b 650M + CaLM,0.596,0.08763560920082654,0.49105181244136686,0.09940761976404278
ENG,ESM-2 650M + CaLM,0.58,0.03162277660168376,0.45018312656063453,0.02360055896013978
ENPP1,ESM-1b 650M + CaLM,0.057999999999999996,0.1296919426949878,0.04198406246996638,0.09387921765444256
ENPP1,ESM-2 650M + CaLM,0.356,0.27618834153526467,0.29963047417795935,0.2510816624510441
EPHB4,ESM-1b 650M + CaLM,0.362,0.04549725266430928,0.30952216255192644,0.04443452315508789
EPHB4,ESM-2 650M + CaLM,0.48600000000000004,0.046690470119715,0.4468169030262653,0.05056425788056146
ERF,ESM-1b 650M + CaLM,0.0,0.0,0.0,0.0
ERF,ESM-2 650M + CaLM,0.48600000000000004,0.26847718711279733,0.40554688537471445,0.23355673207768538
ETFDH,ESM-1b 650M + CaLM,0.26,0.25179356624028343,0.2555695595820147,0.2532334333394522
ETFDH,ESM-2 650M + CaLM,0.52,0.29983328701129897,0.5259445838479094,0.3016277513719215
EXT1,ESM-1b 650M + CaLM,0.438,0.09093954035511724,0.34680936792649103,0.08044573546033505
EXT1,ESM-2 650M + CaLM,0.05600000000000001,0.03130495168499706,0.04870323090756824,0.02745271514030039
EXT2,ESM-1b 650M + CaLM,0.20400000000000001,0.14859340496805368,0.14201397542071337,0.10736369888882884
EXT2,ESM-2 650M + CaLM,0.398,0.1742699056062176,0.39457645510671036,0.19089713706565034
EYA1,ESM-1b 650M + CaLM,0.33599999999999997,0.07602631123499284,0.22747624971590047,0.056730751465172057
EYA1,ESM-2 650M + CaLM,0.12,0.08485281374238571,0.0916049776300396,0.06598749585355798
EZH2,ESM-1b 650M + CaLM,0.272,0.15205262246998572,0.16974389558215391,0.09502297989928618
EZH2,ESM-2 650M + CaLM,0.9179999999999999,0.0988433103452125,0.9065973218850722,0.11099340535349253
F11,ESM-1b 650M + CaLM,0.054000000000000006,0.04929503017546495,0.0478850180253834,0.04378903718006782
F11,ESM-2 650M + CaLM,0.09,0.08306623862918075,0.08417688857009578,0.07740913201981126
F2,ESM-1b 650M + CaLM,0.29,0.26182054923172093,0.20444417843176113,0.19234946613557297
F2,ESM-2 650M + CaLM,0.31,0.22147234590350098,0.23067091908885407,0.18133543850159808
F7,ESM-1b 650M + CaLM,0.246,0.22456624857711807,0.2361691671308499,0.2158814055842771
F7,ESM-2 650M + CaLM,0.118,0.11454256850621082,0.12014147024579043,0.12221908515928014
F9,ESM-1b 650M + CaLM,0.358,0.22829805080201626,0.3433711774504509,0.2245756864471673
F9,ESM-2 650M + CaLM,0.49000000000000005,0.09974968671630002,0.4818461674868722,0.09999922435058818
FA2H,ESM-1b 650M + CaLM,0.272,0.15205262246998572,0.22134839468232567,0.12649297529316683
FA2H,ESM-2 650M + CaLM,0.0,0.0,0.0,0.0
FARS2,ESM-1b 650M + CaLM,0.1,0.06164414002968977,0.09807602512404481,0.06210783222856583
FARS2,ESM-2 650M + CaLM,0.054000000000000006,0.04929503017546495,0.053054414180849364,0.048608534173400074
FARSB,ESM-1b 650M + CaLM,0.48,0.27739863013360394,0.3871998583035198,0.22630786316121249
FARSB,ESM-2 650M + CaLM,0.0,0.0,0.0,0.0
FBXO11,ESM-1b 650M + CaLM,0.11599999999999999,0.11928956366757319,0.05834665534541596,0.06187151385134411
FBXO11,ESM-2 650M + CaLM,0.11400000000000002,0.22154006409676785,0.08285193572713208,0.1653984468618929
FBXO7,ESM-1b 650M + CaLM,0.0,0.0,0.0,0.0
FBXO7,ESM-2 650M + CaLM,0.0,0.0,0.0,0.0
FECH,ESM-1b 650M + CaLM,0.0,0.0,0.0,0.0
FECH,ESM-2 650M + CaLM,0.0,0.0,0.0,0.0
FGD1,ESM-1b 650M + CaLM,0.132,0.18074844397670484,0.08996923998994291,0.12320942390513967
FGD1,ESM-2 650M + CaLM,0.0,0.0,0.0,0.0
FGFR1,ESM-1b 650M + CaLM,0.0,0.0,0.0,0.0
FGFR1,ESM-2 650M + CaLM,0.038,0.038340579025361636,0.03496015375439952,0.03563876197641956
FGFR2,ESM-1b 650M + CaLM,0.404,0.05813776741499454,0.3522227133743076,0.05300521665466933
FGFR2,ESM-2 650M + CaLM,0.65,0.2,0.5876236909145767,0.19382912297103702
FGFR3,ESM-1b 650M + CaLM,0.674,0.2834254752135029,0.5829057974768584,0.3415139761439074
FGFR3,ESM-2 650M + CaLM,0.672,0.013038404810405291,0.5667691767093872,0.01122623221759406
FH,ESM-1b 650M + CaLM,0.20800000000000002,0.1449827575955155,0.16780033528235333,0.11790893213807695
FH,ESM-2 650M + CaLM,0.924,0.05683308895353123,0.8817132496600193,0.08473707264554846
FLCN,ESM-1b 650M + CaLM,0.088,0.19677398201998147,0.08344170730438887,0.18658132969125424
FLCN,ESM-2 650M + CaLM,0.26,0.066332495807108,0.24640173537426174,0.09708453065844999
FMO3,ESM-1b 650M + CaLM,0.656,0.303693924865151,0.6024341710097196,0.29246597828396487
FMO3,ESM-2 650M + CaLM,0.258,0.02683281572999749,0.22797957439199115,0.034397605983616096
FOXF1,ESM-1b 650M + CaLM,0.576,0.3219937887599697,0.4879317428973449,0.2728336355572047
FOXF1,ESM-2 650M + CaLM,0.032,0.017888543819998316,0.03567417359251103,0.019961324014381825
FOXG1,ESM-1b 650M + CaLM,0.418,0.09011104260855048,0.28786712936087594,0.06828218404004739
FOXG1,ESM-2 650M + CaLM,0.976,0.020736441353327747,0.97699742829728,0.019552074186559347
FOXH1,ESM-1b 650M + CaLM,0.742,0.41535526961867236,0.6924452678387144,0.3894034221083571
FOXH1,ESM-2 650M + CaLM,0.584,0.32090497035726945,0.5969959396781547,0.3264142607336238
FOXP1,ESM-1b 650M + CaLM,0.466,0.06503845016603642,0.3206946503440629,0.05696266627314175
FOXP1,ESM-2 650M + CaLM,0.386,0.4162090820729409,0.3697106055692345,0.4189584599735261
FOXP3,ESM-1b 650M + CaLM,0.4720000000000001,0.09679876032264054,0.37364383988843203,0.08064736420616088
FOXP3,ESM-2 650M + CaLM,0.952,0.010954451150103333,0.9503492824755648,0.011584605222354175
FOXRED1,ESM-1b 650M + CaLM,0.192,0.17527121840165316,0.14043727893096153,0.12872514121189674
FOXRED1,ESM-2 650M + CaLM,0.0,0.0,0.0,0.0
FRMD7,ESM-1b 650M + CaLM,0.18,0.19987496091306683,0.13625265807248282,0.15278530105594187
FRMD7,ESM-2 650M + CaLM,0.44800000000000006,0.12477980605851256,0.414501832717647,0.12340060209475527
FUCA1,ESM-1b 650M + CaLM,0.0,0.0,0.0,0.0
FUCA1,ESM-2 650M + CaLM,0.0,0.0,0.0,0.0
FUS,ESM-1b 650M + CaLM,0.057999999999999996,0.1296919426949878,0.0400563901534967,0.08956881131647185
FUS,ESM-2 650M + CaLM,0.628,0.37157771730823685,0.5864958139693257,0.36066107062004465
FZD4,ESM-1b 650M + CaLM,0.198,0.190840247327444,0.14066013108337352,0.13661580397195397
FZD4,ESM-2 650M + CaLM,0.44000000000000006,0.23494680248941457,0.3795019084141275,0.24417755954856704
GAA,ESM-1b 650M + CaLM,0.25,0.0,0.23719014186991746,0.006397831214990315
GAA,ESM-2 650M + CaLM,0.21000000000000002,0.16401219466856726,0.1945740495773972,0.15334326942438636
GABBR2,ESM-1b 650M + CaLM,0.028000000000000004,0.025884358211089573,0.015530827158643807,0.014464983743993997
GABBR2,ESM-2 650M + CaLM,0.0,0.0,0.0,0.0
GABRA1,ESM-1b 650M + CaLM,0.5820000000000001,0.19979989989987487,0.4735534423526288,0.18528621738833356
GABRA1,ESM-2 650M + CaLM,0.648,0.08136338242723197,0.6241604548148093,0.08370105943743222
GABRA2,ESM-1b 650M + CaLM,0.156,0.3488266044899672,0.13274780221581284,0.2968331096182547
GABRA2,ESM-2 650M + CaLM,0.10200000000000001,0.22807893370497853,0.09687849169294886,0.21662689298308233
GABRB2,ESM-1b 650M + CaLM,0.24,0.13435028842544403,0.15952259240909852,0.0928796942442948
GABRB2,ESM-2 650M + CaLM,0.43,0.09695359714832658,0.3847773832783113,0.08773432101357709
GABRB3,ESM-1b 650M + CaLM,0.0,0.0,0.0,0.0
GABRB3,ESM-2 650M + CaLM,0.518,0.20425474290698858,0.4857761245895717,0.2011697922584469
GABRG2,ESM-1b 650M + CaLM,0.396,0.3614968879534097,0.3235112994096456,0.2954071677674531
GABRG2,ESM-2 650M + CaLM,0.0,0.0,0.0,0.0
GALC,ESM-1b 650M + CaLM,0.024,0.03130495168499706,0.012502609155699762,0.016781470681106567
GALC,ESM-2 650M + CaLM,0.154,0.07797435475847171,0.10578885549062651,0.05745441113256132
GALNS,ESM-1b 650M + CaLM,0.128,0.16769019053003667,0.10324880994353378,0.13623464556946227
GALNS,ESM-2 650M + CaLM,0.378,0.02683281572999747,0.3908318298630379,0.02550907518032934
GAMT,ESM-1b 650M + CaLM,0.012,0.010954451150103323,0.008503479497047611,0.00777404892339916
GAMT,ESM-2 650M + CaLM,0.23399999999999999,0.0937016542009798,0.24445776518217915,0.09881642041001683
GARS1,ESM-1b 650M + CaLM,0.34199999999999997,0.2238749651032915,0.2874191378410861,0.20234014104748438
GARS1,ESM-2 650M + CaLM,0.7100000000000001,0.10440306508910553,0.6540350749492415,0.11482698286946853
GATA1,ESM-1b 650M + CaLM,0.784,0.08049844718999245,0.67042585940573,0.10196617412555205
GATA1,ESM-2 650M + CaLM,0.76,0.04242640687119287,0.7682043449776768,0.03559642513558687
GATA2,ESM-1b 650M + CaLM,0.0,0.0,0.0,0.0
GATA2,ESM-2 650M + CaLM,0.546,0.2389142105442872,0.5258673054815678,0.2427214126455608
GATA4,ESM-1b 650M + CaLM,0.0,0.0,0.0,0.0
GATA4,ESM-2 650M + CaLM,0.0,0.0,0.0,0.0
GBA2,ESM-1b 650M + CaLM,0.0,0.0,0.0,0.0
GBA2,ESM-2 650M + CaLM,0.0,0.0,0.0,0.0
GBE1,ESM-1b 650M + CaLM,0.506,0.30336446726668564,0.43750617753545207,0.2698542481713033
GBE1,ESM-2 650M + CaLM,0.22800000000000004,0.3130015974400131,0.2077683492385543,0.28902403750345473
GCK,ESM-1b 650M + CaLM,0.40199999999999997,0.02167948338867877,0.37269300541570655,0.02785647259873094
GCK,ESM-2 650M + CaLM,0.146,0.1938556163746617,0.12643947703579175,0.16940201173977418
GCM2,ESM-1b 650M + CaLM,0.13,0.2906888370749727,0.09661436022388956,0.21603627706326883
GCM2,ESM-2 650M + CaLM,0.182,0.11256109452204167,0.19562889960580426,0.12088276303647752
GFAP,ESM-1b 650M + CaLM,0.56,0.2413503677229434,0.49467673060709283,0.2257231993225633
GFAP,ESM-2 650M + CaLM,0.696,0.12177848742696712,0.6584449986016464,0.12488257689167709
GFM1,ESM-1b 650M + CaLM,0.188,0.42038077976996047,0.18100248311208314,0.4047338563348756
GFM1,ESM-2 650M + CaLM,0.40599999999999997,0.26111300235721696,0.3787807280118832,0.24135628705515305
GHR,ESM-1b 650M + CaLM,0.0,0.0,0.0,0.0
GHR,ESM-2 650M + CaLM,0.0,0.0,0.0,0.0
GHRHR,ESM-1b 650M + CaLM,0.0,0.0,0.0,0.0
GHRHR,ESM-2 650M + CaLM,0.0,0.0,0.0,0.0
GJA3,ESM-1b 650M + CaLM,0.0,0.0,0.0,0.0
GJA3,ESM-2 650M + CaLM,0.5640000000000001,0.33478351213881485,0.5727589399931405,0.3403219283372102
GJA8,ESM-1b 650M + CaLM,0.0,0.0,0.0,0.0
GJA8,ESM-2 650M + CaLM,0.4,0.22360679774997896,0.40888188996425495,0.22893990706888756
GLA,ESM-1b 650M + CaLM,0.054000000000000006,0.12074767078498866,0.0503445976819333,0.1125739427166812
GLA,ESM-2 650M + CaLM,0.002,0.004472135954999579,0.001811418118264342,0.004050454048113822
GLB1,ESM-1b 650M + CaLM,0.066,0.060249481325568274,0.04942044855597547,0.045135047983105955
GLB1,ESM-2 650M + CaLM,0.096,0.08763560920082658,0.0811339938523212,0.07412385469840982
GLDC,ESM-1b 650M + CaLM,0.344,0.2707027890510181,0.3212633773076461,0.2603288275822763
GLDC,ESM-2 650M + CaLM,0.524,0.1656200470957547,0.5217274089128393,0.17141381064270966
GLDN,ESM-1b 650M + CaLM,0.46799999999999997,0.26855167100578614,0.30212938533136785,0.17628716400141722
GLDN,ESM-2 650M + CaLM,0.236,0.16272676485446394,0.13719638770226356,0.09662378951499588
GLRA1,ESM-1b 650M + CaLM,0.11400000000000002,0.07956129712366435,0.0731993846895139,0.05116348779370933
GLRA1,ESM-2 650M + CaLM,0.146,0.0944986772394196,0.11403952751089137,0.07484561462754101
GLUD1,ESM-1b 650M + CaLM,0.296,0.14363147287415803,0.3028004089282528,0.15187116977003762
GLUD1,ESM-2 650M + CaLM,0.13999999999999999,0.08246211251235322,0.13578618406067886,0.08134547624741088
GNAO1,ESM-1b 650M + CaLM,0.362,0.21730163368000713,0.33676854691809455,0.20332755551123685
GNAO1,ESM-2 650M + CaLM,0.744,0.4159086438149609,0.742786199367603,0.4152360396835931
GNB1,ESM-1b 650M + CaLM,0.512,0.4222795282748147,0.4450059109361745,0.37726470558360564
GNB1,ESM-2 650M + CaLM,0.304,0.27736257858622526,0.26250299036424224,0.25138106010077277
GP1BA,ESM-1b 650M + CaLM,0.6980000000000001,0.21707141681944217,0.6927555862101238,0.213373115266798
GP1BA,ESM-2 650M + CaLM,0.9359999999999999,0.032863353450309926,0.9337738349721709,0.033490876168284285
GPAA1,ESM-1b 650M + CaLM,0.0,0.0,0.0,0.0
GPAA1,ESM-2 650M + CaLM,0.0,0.0,0.0,0.0
GPI,ESM-1b 650M + CaLM,0.62,0.3475629439396553,0.5546900445255802,0.3132667335852413
GPI,ESM-2 650M + CaLM,0.4640000000000001,0.30262187627466725,0.41359419288192517,0.27571905496383015
GPR143,ESM-1b 650M + CaLM,0.364,0.47762956357411546,0.3250328308108547,0.4386256138921467
GPR143,ESM-2 650M + CaLM,0.6980000000000001,0.08043631020876078,0.6366882085541677,0.09057274552664585
GRIA2,ESM-1b 650M + CaLM,0.41600000000000004,0.23255106965997815,0.3386042601838274,0.19010031345584216
GRIA2,ESM-2 650M + CaLM,0.454,0.28316073174082595,0.4282219426867586,0.2737624664247019
GRIA3,ESM-1b 650M + CaLM,0.066,0.060249481325568274,0.05187847168691127,0.047492252908698455
GRIA3,ESM-2 650M + CaLM,0.296,0.2123205124334434,0.2662737528288134,0.19745888194457903
GRIA4,ESM-1b 650M + CaLM,0.0,0.0,0.0,0.0
GRIA4,ESM-2 650M + CaLM,0.262,0.34054368295418425,0.23918689351474803,0.33339866157158704
GRIN1,ESM-1b 650M + CaLM,0.64,0.07582875444051551,0.5477634960412975,0.08863129780254043
GRIN1,ESM-2 650M + CaLM,0.514,0.0795612971236644,0.4929830352731134,0.08119619395500659
GRM6,ESM-1b 650M + CaLM,0.40599999999999997,0.13258959235173776,0.3313723213593257,0.12639689925724581
GRM6,ESM-2 650M + CaLM,0.392,0.21913466179497937,0.3496015679382805,0.1957125615515074
GTPBP3,ESM-1b 650M + CaLM,0.526,0.21617122842783681,0.44132884944646616,0.19144763778712684
GTPBP3,ESM-2 650M + CaLM,0.45999999999999996,0.2607680962081059,0.4155354129883514,0.23671902578720788
HADHA,ESM-1b 650M + CaLM,0.266,0.17896927110540514,0.2095555651399752,0.14419683689589394
HADHA,ESM-2 650M + CaLM,0.0,0.0,0.0,0.0
HBA1,ESM-1b 650M + CaLM,0.0,0.0,0.0,0.0
HBA1,ESM-2 650M + CaLM,0.042,0.038340579025361636,0.02824374223986232,0.02586639120277408
HBA2,ESM-1b 650M + CaLM,0.15799999999999997,0.3092248372948072,0.12013845995128762,0.24414874601750616
HBA2,ESM-2 650M + CaLM,0.33799999999999997,0.20608250774871698,0.29026043971877113,0.1794207464497003
HBB,ESM-1b 650M + CaLM,0.53,0.06928203230275516,0.44394974068475646,0.05490210668288825
HBB,ESM-2 650M + CaLM,0.462,0.14498275759551543,0.38968571725648715,0.1456181844473167
HCN1,ESM-1b 650M + CaLM,0.362,0.0641872261435248,0.19840919308139693,0.04949510958998032
HCN1,ESM-2 650M + CaLM,0.176,0.03507135583350036,0.1306043107967282,0.024077233278652254
HCN2,ESM-1b 650M + CaLM,0.0,0.0,0.0,0.0
HCN2,ESM-2 650M + CaLM,0.0,0.0,0.0,0.0
HDAC8,ESM-1b 650M + CaLM,0.438,0.3100322563863315,0.38088783267055987,0.2826031487208176
HDAC8,ESM-2 650M + CaLM,0.27,0.10700467279516349,0.28257450642877285,0.12204614143320165
HEXB,ESM-1b 650M + CaLM,0.0,0.0,0.0,0.0
HEXB,ESM-2 650M + CaLM,0.0,0.0,0.0,0.0
HGD,ESM-1b 650M + CaLM,0.53,0.3912160528403711,0.5220262257992673,0.38618506869694674
HGD,ESM-2 650M + CaLM,0.0,0.0,0.0,0.0
HGSNAT,ESM-1b 650M + CaLM,0.10800000000000001,0.0985900603509299,0.05684932207490356,0.05207745881800702
HGSNAT,ESM-2 650M + CaLM,0.28200000000000003,0.17049926686059386,0.1987040936568294,0.11908600316346185
HLCS,ESM-1b 650M + CaLM,0.0,0.0,0.0,0.0
HLCS,ESM-2 650M + CaLM,0.0,0.0,0.0,0.0
HNF1A,ESM-1b 650M + CaLM,0.142,0.21076052761368766,0.0926049217781876,0.14242162561570434
HNF1A,ESM-2 650M + CaLM,0.054000000000000006,0.12074767078498864,0.03950541980116129,0.08833680415506287
HNF4A,ESM-1b 650M + CaLM,0.366,0.20995237555217136,0.30637960227901406,0.17813476836447942
HNF4A,ESM-2 650M + CaLM,0.48600000000000004,0.18119050747762702,0.45659326335813527,0.17209935879051635
HNRNPK,ESM-1b 650M + CaLM,0.0,0.0,0.0,0.0
HNRNPK,ESM-2 650M + CaLM,0.0,0.0,0.0,0.0
HNRNPU,ESM-1b 650M + CaLM,0.0,0.0,0.0,0.0
HNRNPU,ESM-2 650M + CaLM,0.072,0.08983317872590282,0.0426543140441623,0.05298620675421915
HPS1,ESM-1b 650M + CaLM,0.0,0.0,0.0,0.0
HPS1,ESM-2 650M + CaLM,0.0,0.0,0.0,0.0
HRAS,ESM-1b 650M + CaLM,0.18,0.2652357441974969,0.13895106312018557,0.2267799265919932
HRAS,ESM-2 650M + CaLM,0.0,0.0,0.0,0.0
HSD17B10,ESM-1b 650M + CaLM,0.488,0.3767227096950753,0.43321256217354376,0.34716001451970735
HSD17B10,ESM-2 650M + CaLM,0.0,0.0,0.0,0.0
HSD17B4,ESM-1b 650M + CaLM,0.264,0.36977019890737545,0.21612344437248096,0.3068630921641954
HSD17B4,ESM-2 650M + CaLM,0.144,0.19346834366376325,0.14068196270083233,0.1876329306599393
IDS,ESM-1b 650M + CaLM,0.064,0.0403732584763727,0.053516925774484705,0.03494828560987463
IDS,ESM-2 650M + CaLM,0.03,0.03464101615137754,0.028129464475815234,0.032623869732932194
IDUA,ESM-1b 650M + CaLM,0.246,0.19449935732541637,0.14768741711614228,0.12037795406179379
IDUA,ESM-2 650M + CaLM,0.036,0.06387487769068526,0.023541186031793886,0.043281083169955416
IGHMBP2,ESM-1b 650M + CaLM,0.388,0.14166862743741115,0.24683676979593988,0.11296895463489748
IGHMBP2,ESM-2 650M + CaLM,0.362,0.05019960159204453,0.288373970697908,0.04030739677434801
IL11RA,ESM-1b 650M + CaLM,0.6980000000000001,0.32337284981890485,0.6446315975475039,0.29970843193764907
IL11RA,ESM-2 650M + CaLM,0.0,0.0,0.0,0.0
IL12RB1,ESM-1b 650M + CaLM,0.0,0.0,0.0,0.0
IL12RB1,ESM-2 650M + CaLM,0.048,0.05848076606885379,0.023413507066334452,0.028615405669935964
IL2RG,ESM-1b 650M + CaLM,0.038,0.05805170109479998,0.02280016498847845,0.03573733893128683
IL2RG,ESM-2 650M + CaLM,0.06799999999999999,0.0668580586017871,0.05432424966973258,0.05640497062946903
IL7R,ESM-1b 650M + CaLM,0.808,0.08927485648266258,0.7415706732949217,0.11838936758324578
IL7R,ESM-2 650M + CaLM,0.48200000000000004,0.29978325503603437,0.42179950328928795,0.26970808754658804
IRF2BPL,ESM-1b 650M + CaLM,0.0,0.0,0.0,0.0
IRF2BPL,ESM-2 650M + CaLM,0.976,0.005477225575051676,0.9581668012761899,0.0074588514209848215
ITGB2,ESM-1b 650M + CaLM,0.0,0.0,0.0,0.0
ITGB2,ESM-2 650M + CaLM,0.0,0.0,0.0,0.0
ITGB3,ESM-1b 650M + CaLM,0.306,0.12561846997953766,0.22945429043629467,0.1120066680510911
ITGB3,ESM-2 650M + CaLM,0.054000000000000006,0.04929503017546495,0.0465714793761311,0.04255638080427355
KARS1,ESM-1b 650M + CaLM,0.57,0.5203364296299078,0.5573269544960182,0.5088050015256768
KARS1,ESM-2 650M + CaLM,0.11199999999999999,0.013038404810405295,0.0960323631772957,0.007926894336139856
KCNA2,ESM-1b 650M + CaLM,0.22199999999999998,0.2965130688519479,0.20220417742264557,0.28072760852867984
KCNA2,ESM-2 650M + CaLM,0.258,0.17711578134090705,0.2673967736870607,0.17944760070541388
KCNB1,ESM-1b 650M + CaLM,0.386,0.10573551910309044,0.2809191145532527,0.09432100346815751
KCNB1,ESM-2 650M + CaLM,0.5960000000000001,0.06949820141557618,0.5633137936858637,0.06984794600000854
KCNC3,ESM-1b 650M + CaLM,0.256,0.14310835055998655,0.15079453253973446,0.08483181762106512
KCNC3,ESM-2 650M + CaLM,0.6220000000000001,0.35541525009487146,0.6102108674314899,0.34883779059657716
KCND2,ESM-1b 650M + CaLM,0.0,0.0,0.0,0.0
KCND2,ESM-2 650M + CaLM,0.43200000000000005,0.17527121840165316,0.4063677918347374,0.16523517006022667
KCNH1,ESM-1b 650M + CaLM,0.8160000000000001,0.04277849927241484,0.7165713067496363,0.06657626339516239
KCNH1,ESM-2 650M + CaLM,0.8460000000000001,0.06503845016603639,0.8424136311026578,0.06527548883373939
KCNJ11,ESM-1b 650M + CaLM,0.024,0.05366563145999495,0.016897253355768558,0.037783407136534934
KCNJ11,ESM-2 650M + CaLM,0.088,0.11497825881443847,0.0821189750675374,0.10652904161806243
KCNQ1,ESM-1b 650M + CaLM,0.144,0.2094755355644186,0.13167082936230742,0.1935369661812541
KCNQ1,ESM-2 650M + CaLM,0.20800000000000002,0.16177144370994528,0.1924884211792256,0.15391758770177955
KCNQ2,ESM-1b 650M + CaLM,0.458,0.10158740079360234,0.45820866507274083,0.09788956686049777
KCNQ2,ESM-2 650M + CaLM,0.32999999999999996,0.04636809247747851,0.3141793803197688,0.04721363883604737
KCNQ3,ESM-1b 650M + CaLM,0.096,0.2146625258399798,0.07844485805318821,0.17540803509225064
KCNQ3,ESM-2 650M + CaLM,0.256,0.24378269011560277,0.2483630009852317,0.2377229409523488
KCNQ4,ESM-1b 650M + CaLM,0.254,0.1472412985544477,0.22789620760021495,0.13274362606184711
KCNQ4,ESM-2 650M + CaLM,0.0,0.0,0.0,0.0
KCNQ5,ESM-1b 650M + CaLM,0.27399999999999997,0.30631682944298044,0.16818787751389636,0.21075750946439523
KCNQ5,ESM-2 650M + CaLM,0.126,0.28174456516497354,0.10827339459608565,0.2421066704715059
KCNV2,ESM-1b 650M + CaLM,0.8699999999999999,0.0670820393249937,0.8574354495104357,0.07122587930213234
KCNV2,ESM-2 650M + CaLM,0.23199999999999998,0.1470374102057024,0.20528794904922001,0.13182383053116267
KIF22,ESM-1b 650M + CaLM,0.5660000000000001,0.13538833036861042,0.45072135419513204,0.13414954369894647
KIF22,ESM-2 650M + CaLM,0.5720000000000001,0.07949842765740714,0.4735710745516231,0.07615746804270926
KMT5B,ESM-1b 650M + CaLM,0.0,0.0,0.0,0.0
KMT5B,ESM-2 650M + CaLM,0.5640000000000001,0.3347835121388149,0.4526169561407385,0.2838182572971751
KRIT1,ESM-1b 650M + CaLM,0.658,0.4010860256852637,0.5945158041473452,0.3799217876391428
KRIT1,ESM-2 650M + CaLM,0.538,0.37485997385690567,0.43857556287545885,0.37696739524826267
KRT1,ESM-1b 650M + CaLM,0.45,0.20024984394500786,0.3795591332654409,0.1827081742262566
KRT1,ESM-2 650M + CaLM,0.256,0.3779947089576784,0.22954938148618842,0.34714555250329815
KRT10,ESM-1b 650M + CaLM,0.18000000000000002,0.1385640646055102,0.14698568374519935,0.11397923871946192
KRT10,ESM-2 650M + CaLM,0.41600000000000004,0.19385561637466167,0.3637561323547917,0.17244315306384495
KRT14,ESM-1b 650M + CaLM,0.544,0.30410524493997143,0.5202902775296263,0.29150428676978285
KRT14,ESM-2 650M + CaLM,0.43200000000000005,0.29192464781172556,0.4348301407502505,0.2954159734831094
KRT16,ESM-1b 650M + CaLM,0.018,0.01643167672515498,0.014731712797233907,0.013455275336028218
KRT16,ESM-2 650M + CaLM,0.28600000000000003,0.169941166289984,0.27092847677043125,0.16649754960336727
KRT17,ESM-1b 650M + CaLM,0.272,0.053103672189407,0.2601926247918853,0.05976059090935755
KRT17,ESM-2 650M + CaLM,0.092,0.05761944116355173,0.08232225128849899,0.05239360468226994
KRT5,ESM-1b 650M + CaLM,0.372,0.13516656391282575,0.28402747826067815,0.11439805189785351
KRT5,ESM-2 650M + CaLM,0.25,0.18330302779823363,0.2028096978876924,0.15384226010982532
KRT6A,ESM-1b 650M + CaLM,0.31,0.13435028842544403,0.23307514778132887,0.10173552977560496
KRT6A,ESM-2 650M + CaLM,0.174,0.0996493853468249,0.14729976406087938,0.08445294291332207
KRT9,ESM-1b 650M + CaLM,0.12,0.2683281572999748,0.10632429571523476,0.23774835287905455
KRT9,ESM-2 650M + CaLM,0.188,0.25742960202742804,0.18360194202951324,0.25148253757140693
LAMP2,ESM-1b 650M + CaLM,0.032,0.07155417527999328,0.03288073164892484,0.07352355111692468
LAMP2,ESM-2 650M + CaLM,0.2,0.11180339887498948,0.20233761369983902,0.11655071446640325
LARS2,ESM-1b 650M + CaLM,0.066,0.060249481325568274,0.038677873082127036,0.03542306590871293
LARS2,ESM-2 650M + CaLM,0.196,0.19230184606498194,0.17123360132893511,0.17997642351253004
LBR,ESM-1b 650M + CaLM,0.0,0.0,0.0,0.0
LBR,ESM-2 650M + CaLM,0.0,0.0,0.0,0.0
LCAT,ESM-1b 650M + CaLM,0.0,0.0,0.0,0.0
LCAT,ESM-2 650M + CaLM,0.0,0.0,0.0,0.0
LDLR,ESM-1b 650M + CaLM,0.48,0.06964194138592064,0.43090813695393243,0.06586624352172661
LDLR,ESM-2 650M + CaLM,0.26,0.156684396159924,0.24152871444692048,0.14737488010950367
LHCGR,ESM-1b 650M + CaLM,0.784,0.1472412985544477,0.70944161241985,0.20440302587507916
LHCGR,ESM-2 650M + CaLM,0.524,0.2940748204114048,0.5225723105065031,0.29281002791873395
LIG4,ESM-1b 650M + CaLM,0.0,0.0,0.0,0.0
LIG4,ESM-2 650M + CaLM,0.0,0.0,0.0,0.0
LITAF,ESM-1b 650M + CaLM,0.296,0.16546903033498442,0.1842895094272967,0.1097076925366414
LITAF,ESM-2 650M + CaLM,0.252,0.1700588133558505,0.20476206290535726,0.17467304136916087
LMX1B,ESM-1b 650M + CaLM,0.388,0.18646715528478466,0.3335791336271906,0.16918916783445923
LMX1B,ESM-2 650M + CaLM,0.264,0.14758048651498615,0.2295566362504994,0.12890271373362955
LPAR6,ESM-1b 650M + CaLM,0.6519999999999999,0.3727197338483703,0.5720504082105902,0.3437689947013298
LPAR6,ESM-2 650M + CaLM,0.17200000000000001,0.3511694747554235,0.16115499783555262,0.33402863614109446
LSS,ESM-1b 650M + CaLM,0.384,0.3238518179661803,0.3589785460697291,0.32195488174929066
LSS,ESM-2 650M + CaLM,0.41200000000000003,0.2830547650190684,0.37250498155960915,0.26705873015892395
LZTR1,ESM-1b 650M + CaLM,0.0,0.0,0.0,0.0
LZTR1,ESM-2 650M + CaLM,0.0,0.0,0.0,0.0
MAF,ESM-1b 650M + CaLM,0.164,0.1013903348450926,0.08212049761827864,0.05243995166226238
MAF,ESM-2 650M + CaLM,0.0,0.0,0.0,0.0
MAK,ESM-1b 650M + CaLM,0.544,0.30410524493997143,0.4486293963029027,0.25254770277560695
MAK,ESM-2 650M + CaLM,0.4,0.22360679774997896,0.3289080481539249,0.18569912470581781
MAN1B1,ESM-1b 650M + CaLM,0.0,0.0,0.0,0.0
MAN1B1,ESM-2 650M + CaLM,0.0,0.0,0.0,0.0
MAN2B1,ESM-1b 650M + CaLM,0.092,0.09523654760647302,0.0529543799592954,0.05340210491302333
MAN2B1,ESM-2 650M + CaLM,0.0,0.0,0.0,0.0
MAP2K2,ESM-1b 650M + CaLM,0.0,0.0,0.0,0.0
MAP2K2,ESM-2 650M + CaLM,0.048,0.1073312629199899,0.04059338281031878,0.09076956340054426
MAP3K7,ESM-1b 650M + CaLM,0.332,0.3128418130621289,0.26686577907070086,0.2571606279561458
MAP3K7,ESM-2 650M + CaLM,0.0,0.0,0.0,0.0
MAPT,ESM-1b 650M + CaLM,0.0,0.0,0.0,0.0
MAPT,ESM-2 650M + CaLM,0.632,0.3384819049816401,0.6096051195189431,0.3461456410655315
MBTPS2,ESM-1b 650M + CaLM,0.0,0.0,0.0,0.0
MBTPS2,ESM-2 650M + CaLM,0.0,0.0,0.0,0.0
MCCC1,ESM-1b 650M + CaLM,0.026000000000000002,0.05813776741499454,0.01920473901334922,0.042943101923991096
MCCC1,ESM-2 650M + CaLM,0.0,0.0,0.0,0.0
MECP2,ESM-1b 650M + CaLM,0.19,0.12369316876852982,0.07738920325422669,0.053663534179995184
MECP2,ESM-2 650M + CaLM,0.10200000000000001,0.07155417527999328,0.0538549236131475,0.03861448886821924
MEF2C,ESM-1b 650M + CaLM,0.9800000000000001,0.00999999999999999,0.9705615872846376,0.014803083047634455
MEF2C,ESM-2 650M + CaLM,0.966,0.005477225575051679,0.9677588297227496,0.005731684248853636
MEN1,ESM-1b 650M + CaLM,0.016,0.021908902300206645,0.005584795255841081,0.0076681092635865955
MEN1,ESM-2 650M + CaLM,0.088,0.1912328423676226,0.05130279585327112,0.11236374577122418
MERTK,ESM-1b 650M + CaLM,0.0,0.0,0.0,0.0
MERTK,ESM-2 650M + CaLM,0.6,0.33541019662496846,0.5374967231873718,0.3011062419444569
MID1,ESM-1b 650M + CaLM,0.08199999999999999,0.18335757415498274,0.057402689741955136,0.12835631635434155
MID1,ESM-2 650M + CaLM,0.176,0.39354796403996295,0.1681254408624953,0.3759399145156604
MITF,ESM-1b 650M + CaLM,0.0,0.0,0.0,0.0
MITF,ESM-2 650M + CaLM,0.0,0.0,0.0,0.0
MLC1,ESM-1b 650M + CaLM,0.6900000000000001,0.10392304845413264,0.6779315031042673,0.09200710634968726
MLC1,ESM-2 650M + CaLM,0.748,0.2414953415699773,0.7344363780666215,0.24279002589930834
MLH1,ESM-1b 650M + CaLM,0.734,0.005477225575051663,0.6631514020841471,0.0046249471177628575
MLH1,ESM-2 650M + CaLM,0.776,0.12136721138759017,0.7619112317097192,0.12697860331834362
MMAB,ESM-1b 650M + CaLM,0.33399999999999996,0.10285912696499033,0.19475642069155272,0.0731202979856741
MMAB,ESM-2 650M + CaLM,0.15,0.13693063937629152,0.11820967139376945,0.10806273637897126
MMACHC,ESM-1b 650M + CaLM,0.6759999999999999,0.39557553008243573,0.665184911780415,0.39254711455496966
MMACHC,ESM-2 650M + CaLM,0.9179999999999999,0.07155417527999325,0.9054037512450325,0.08427899482515393
MME,ESM-1b 650M + CaLM,0.0,0.0,0.0,0.0
MME,ESM-2 650M + CaLM,0.0,0.0,0.0,0.0
MMUT,ESM-1b 650M + CaLM,0.11199999999999999,0.15642889758609183,0.08955097295177758,0.12787960895400824
MMUT,ESM-2 650M + CaLM,0.652,0.15449919093639292,0.5924372084472426,0.17357713549157097
MSH2,ESM-1b 650M + CaLM,0.708,0.052153619241621194,0.6276401428421357,0.055416866224921604
MSH2,ESM-2 650M + CaLM,0.5900000000000001,0.06480740698407861,0.5447334648528814,0.07049978303301876
MTHFR,ESM-1b 650M + CaLM,0.22600000000000003,0.20695410119154445,0.19240094152077794,0.18910276744258833
MTHFR,ESM-2 650M + CaLM,0.5519999999999999,0.06572670690061992,0.5115782447387417,0.06636313314616693
MTM1,ESM-1b 650M + CaLM,0.534,0.051283525619832335,0.4917673001446305,0.059351745760514905
MTM1,ESM-2 650M + CaLM,0.35,0.2450510150968569,0.34709805387627374,0.24369622001895663
MUSK,ESM-1b 650M + CaLM,0.17400000000000002,0.13315404612703288,0.09133800400834002,0.07090907582621873
MUSK,ESM-2 650M + CaLM,0.20400000000000001,0.12198360545581527,0.16858909430357366,0.10155248678699823
MUTYH,ESM-1b 650M + CaLM,0.0,0.0,0.0,0.0
MUTYH,ESM-2 650M + CaLM,0.5599999999999999,0.3357082066318904,0.4845115920933011,0.3000116049101304
MYCN,ESM-1b 650M + CaLM,0.0,0.0,0.0,0.0
MYCN,ESM-2 650M + CaLM,0.0,0.0,0.0,0.0
MYOC,ESM-1b 650M + CaLM,0.0,0.0,0.0,0.0
MYOC,ESM-2 650M + CaLM,0.0,0.0,0.0,0.0
NAGLU,ESM-1b 650M + CaLM,0.152,0.06260990336999411,0.09118558062810365,0.03888778559022725
NAGLU,ESM-2 650M + CaLM,0.064,0.03577708763999664,0.035409498752800986,0.01982435550057152
NARS1,ESM-1b 650M + CaLM,0.316,0.3450072463007118,0.2692841943492839,0.3406053260902732
NARS1,ESM-2 650M + CaLM,0.21000000000000002,0.4196427051671457,0.20577040762367074,0.41955338859319874
NEU1,ESM-1b 650M + CaLM,0.184,0.10285912696499033,0.13505606892571015,0.08045099734521993
NEU1,ESM-2 650M + CaLM,0.06,0.05612486080160912,0.04663192857474006,0.04483144547332422
NGLY1,ESM-1b 650M + CaLM,0.0,0.0,0.0,0.0
NGLY1,ESM-2 650M + CaLM,0.0,0.0,0.0,0.0
NOD2,ESM-1b 650M + CaLM,0.29,0.1837117307087384,0.20723960016157333,0.129818813663525
NOD2,ESM-2 650M + CaLM,0.15,0.16401219466856726,0.10542123144082108,0.12014195293468485
NR0B1,ESM-1b 650M + CaLM,0.0,0.0,0.0,0.0
NR0B1,ESM-2 650M + CaLM,0.0,0.0,0.0,0.0
NR2F1,ESM-1b 650M + CaLM,0.27999999999999997,0.15652475842498528,0.23785505740277135,0.1332292453830029
NR2F1,ESM-2 650M + CaLM,0.148,0.11278297743897348,0.12953746415846398,0.09839612316474058
NTRK1,ESM-1b 650M + CaLM,0.012,0.010954451150103323,0.007395191614782784,0.006755894377114611
NTRK1,ESM-2 650M + CaLM,0.24000000000000005,0.20124611797498107,0.19061810844604307,0.16464567234869898
NUP107,ESM-1b 650M + CaLM,0.354,0.3602499132546738,0.2084908751562303,0.252429037197481
NUP107,ESM-2 650M + CaLM,0.041999999999999996,0.09391485505499116,0.019900460944898203,0.044498783456372086
OCA2,ESM-1b 650M + CaLM,0.51,0.1358307770720612,0.33525855048032194,0.1294149612411654
OCA2,ESM-2 650M + CaLM,0.23199999999999998,0.13007690033207278,0.1754698651817344,0.11089619876609455
OCRL,ESM-1b 650M + CaLM,0.3,0.27386127875258304,0.237777112286154,0.2172663267278762
OCRL,ESM-2 650M + CaLM,0.378,0.21661024906499696,0.32815138112163356,0.18998651389352858
OFD1,ESM-1b 650M + CaLM,0.256,0.1515915564930976,0.08896881760311433,0.05659866190602918
OFD1,ESM-2 650M + CaLM,0.24,0.3286335345030997,0.12702729432955073,0.1739395354381287
OPA1,ESM-1b 650M + CaLM,0.462,0.05718391382198321,0.3464568227390307,0.05332016483952827
OPA1,ESM-2 650M + CaLM,0.564,0.07569676347110223,0.5254055721536302,0.0790154394569701
OPHN1,ESM-1b 650M + CaLM,0.16799999999999998,0.3756594202199646,0.16105069926927015,0.3601203113899638
OPHN1,ESM-2 650M + CaLM,0.6,0.151657508881031,0.5626859745597859,0.15982257114011938
OTC,ESM-1b 650M + CaLM,0.20400000000000001,0.12280065146407003,0.16619195510905582,0.10766145880416376
OTC,ESM-2 650M + CaLM,0.302,0.06418722614352484,0.26068580140319464,0.05826498767263537
PADI6,ESM-1b 650M + CaLM,0.136,0.16087262041752162,0.08736780155234478,0.1026086906605208
PADI6,ESM-2 650M + CaLM,0.526,0.07602631123499286,0.36181619854218683,0.09260139107741691
PAFAH1B1,ESM-1b 650M + CaLM,0.844,0.21267345861672535,0.7991059830391584,0.2564674853325634
PAFAH1B1,ESM-2 650M + CaLM,0.8960000000000001,0.08763560920082651,0.8752511605818901,0.10079473801996802
PANK2,ESM-1b 650M + CaLM,0.0,0.0,0.0,0.0
PANK2,ESM-2 650M + CaLM,0.32,0.27303845882952094,0.30467108459453784,0.2715542229919019
PAX3,ESM-1b 650M + CaLM,0.27,0.061644140029689765,0.19050323367951968,0.0522041046220844
PAX3,ESM-2 650M + CaLM,0.392,0.09654014708917737,0.3411454847984503,0.08195897300975308
PAX8,ESM-1b 650M + CaLM,0.0,0.0,0.0,0.0
PAX8,ESM-2 650M + CaLM,0.0,0.0,0.0,0.0
PCCA,ESM-1b 650M + CaLM,0.306,0.27933850432763474,0.2782093032620943,0.2542496149522595
PCCA,ESM-2 650M + CaLM,0.0,0.0,0.0,0.0
PCCB,ESM-1b 650M + CaLM,0.718,0.4064726313049871,0.6901325583294022,0.3927816349157729
PCCB,ESM-2 650M + CaLM,0.152,0.0819756061276768,0.15524036379762873,0.0839547359552411
PCSK9,ESM-1b 650M + CaLM,0.164,0.15899685531481433,0.10590746648652327,0.10839599125621141
PCSK9,ESM-2 650M + CaLM,0.19,0.22572106680591425,0.12150305305283302,0.1551759040388782
PCYT1A,ESM-1b 650M + CaLM,0.0,0.0,0.0,0.0
PCYT1A,ESM-2 650M + CaLM,0.756,0.2549117494349761,0.8251335631281222,0.21196937673702487
PDE4D,ESM-1b 650M + CaLM,0.0,0.0,0.0,0.0
PDE4D,ESM-2 650M + CaLM,0.8460000000000001,0.11886967653695367,0.849291112965803,0.1061538982114673
PDE6B,ESM-1b 650M + CaLM,0.11599999999999999,0.2593838853899756,0.08580842135276513,0.1918734631867273
PDE6B,ESM-2 650M + CaLM,0.26999999999999996,0.22494443758403984,0.27962591295635203,0.22904862603404405
PDE6C,ESM-1b 650M + CaLM,0.368,0.23498936146132232,0.3346160623568296,0.21905142411331532
PDE6C,ESM-2 650M + CaLM,0.528,0.04381780460041331,0.4472594193164059,0.03739697458937308
PDHA1,ESM-1b 650M + CaLM,0.376,0.21019038988498023,0.35034617734938756,0.19595862670515796
PDHA1,ESM-2 650M + CaLM,0.5780000000000001,0.2672452057568106,0.5518223228557017,0.25823583315908366
PEX6,ESM-1b 650M + CaLM,0.072,0.047116875957558986,0.0489727271609058,0.03229538078155552
PEX6,ESM-2 650M + CaLM,0.08,0.12549900398011132,0.06513368697967252,0.10093201889200612
PHEX,ESM-1b 650M + CaLM,0.5800000000000001,0.1481553239002906,0.5840575933371689,0.15053310230288852
PHEX,ESM-2 650M + CaLM,0.378,0.10917875251164944,0.39151724875712446,0.11444637194306187
PIGA,ESM-1b 650M + CaLM,0.094,0.21019038988498023,0.06482087843668309,0.1449438905456737
PIGA,ESM-2 650M + CaLM,0.312,0.19473058311420938,0.25575744230221575,0.16145441618154457
PIGN,ESM-1b 650M + CaLM,0.0,0.0,0.0,0.0
PIGN,ESM-2 650M + CaLM,0.076,0.10406728592598156,0.04777321571267456,0.06567817480307299
PIK3R2,ESM-1b 650M + CaLM,0.0,0.0,0.0,0.0
PIK3R2,ESM-2 650M + CaLM,0.07,0.0818535277187245,0.04233532967719182,0.051805777538258366
PKD2,ESM-1b 650M + CaLM,0.0,0.0,0.0,0.0
PKD2,ESM-2 650M + CaLM,0.168,0.15336231610144654,0.10587196615171228,0.09821384539386901
PKP2,ESM-1b 650M + CaLM,0.0,0.0,0.0,0.0
PKP2,ESM-2 650M + CaLM,0.0,0.0,0.0,0.0
PMS2,ESM-1b 650M + CaLM,0.23399999999999999,0.1703819239238717,0.17272357759976736,0.12603876658765298
PMS2,ESM-2 650M + CaLM,0.122,0.12377398757412643,0.09017095710905465,0.0973003389409605
PNPLA1,ESM-1b 650M + CaLM,0.0,0.0,0.0,0.0
PNPLA1,ESM-2 650M + CaLM,0.132,0.12049896265113655,0.10350317223366497,0.09503130698052387
PNPT1,ESM-1b 650M + CaLM,0.0,0.0,0.0,0.0
PNPT1,ESM-2 650M + CaLM,0.138,0.12597618822618822,0.11105161988606056,0.10139232485560687
POLR1C,ESM-1b 650M + CaLM,0.296,0.16546903033498442,0.2624091186957666,0.1493652744265772
POLR1C,ESM-2 650M + CaLM,0.062,0.13863621460498696,0.06319501179292598,0.14130834220788335
PORCN,ESM-1b 650M + CaLM,0.646,0.005477225575051679,0.4895936111811583,0.02003114038062414
PORCN,ESM-2 650M + CaLM,0.642,0.17239489551607956,0.5591351728911836,0.1582913774961246
POT1,ESM-1b 650M + CaLM,0.73,0.1924837655492016,0.5798348881857801,0.2191067636417491
POT1,ESM-2 650M + CaLM,0.6799999999999999,0.3125699921617557,0.5735151865475656,0.28568887887745875
PPP2R1A,ESM-1b 650M + CaLM,0.46799999999999997,0.27626074639731213,0.4406695622167399,0.28369924688506915
PPP2R1A,ESM-2 650M + CaLM,0.0,0.0,0.0,0.0
PPP2R5D,ESM-1b 650M + CaLM,0.758,0.27770487932335647,0.6693137799167063,0.287550329278498
PPP2R5D,ESM-2 650M + CaLM,0.49000000000000005,0.09746794344808966,0.438353533547936,0.09965382294813702
PPP3CA,ESM-1b 650M + CaLM,0.532,0.3892557000224917,0.4513837189212587,0.35187536086666005
PPP3CA,ESM-2 650M + CaLM,0.258,0.07155417527999325,0.25293891832504356,0.07982633359290857
PRKAG2,ESM-1b 650M + CaLM,0.0,0.0,0.0,0.0
PRKAG2,ESM-2 650M + CaLM,0.7460000000000001,0.11502173707608492,0.7497125144906304,0.11829419798487571
PRKCG,ESM-1b 650M + CaLM,0.266,0.32715439780018246,0.20897163903789254,0.2621108091446288
PRKCG,ESM-2 650M + CaLM,0.422,0.2210656011232865,0.3669396752514643,0.21579377193907315
PRKN,ESM-1b 650M + CaLM,0.0,0.0,0.0,0.0
PRKN,ESM-2 650M + CaLM,0.0,0.0,0.0,0.0
PRMT7,ESM-1b 650M + CaLM,0.45199999999999996,0.2598461083025874,0.29085999271491736,0.17533621372076905
PRMT7,ESM-2 650M + CaLM,0.0,0.0,0.0,0.0
PROM1,ESM-1b 650M + CaLM,0.32199999999999995,0.3268332908380051,0.236466821976357,0.2627151630816892
PROM1,ESM-2 650M + CaLM,0.41600000000000004,0.30063266622241835,0.3393930916100808,0.26185678539277607
PRRT2,ESM-1b 650M + CaLM,0.042,0.038340579025361636,0.02324907213615638,0.021247818031710424
PRRT2,ESM-2 650M + CaLM,0.0,0.0,0.0,0.0
PRSS1,ESM-1b 650M + CaLM,0.506,0.46371327347834246,0.47690113558602637,0.438316648008133
PRSS1,ESM-2 650M + CaLM,0.52,0.09027735042633897,0.5025542738105638,0.09086077683394243
PTEN,ESM-1b 650M + CaLM,0.006,0.005477225575051661,0.004446229425041933,0.0040645909529217
PTEN,ESM-2 650M + CaLM,0.0,0.0,0.0,0.0
PTPN11,ESM-1b 650M + CaLM,0.286,0.1822909761891685,0.2482305745807082,0.1622357580050607
PTPN11,ESM-2 650M + CaLM,0.9119999999999999,0.029495762407505236,0.9091514811071091,0.03024082319066266
PUF60,ESM-1b 650M + CaLM,0.0,0.0,0.0,0.0
PUF60,ESM-2 650M + CaLM,0.0,0.0,0.0,0.0
PURA,ESM-1b 650M + CaLM,0.20800000000000002,0.1564288975860918,0.12917002170970804,0.10143943401768249
PURA,ESM-2 650M + CaLM,0.22600000000000003,0.17169740825067806,0.19882205678411702,0.15222131653159957
RAF1,ESM-1b 650M + CaLM,0.12799999999999997,0.11144505372604024,0.04449437765012221,0.041420967753927125
RAF1,ESM-2 650M + CaLM,0.16799999999999998,0.09391485505499117,0.06115898512290635,0.03436116460670054
RAG2,ESM-1b 650M + CaLM,0.5700000000000001,0.1407124727947029,0.4061939357820322,0.13332084005762537
RAG2,ESM-2 650M + CaLM,0.48,0.09797958971132713,0.3653376463358965,0.09363370558840522
RALA,ESM-1b 650M + CaLM,0.41400000000000003,0.32592944021674386,0.34989941341706327,0.2809628887261878
RALA,ESM-2 650M + CaLM,0.752,0.17782013384316186,0.7469712266667449,0.17090547571839734
RARS1,ESM-1b 650M + CaLM,0.77,0.1679285562374667,0.7245472939131539,0.19180241786720517
RARS1,ESM-2 650M + CaLM,0.0,0.0,0.0,0.0
RARS2,ESM-1b 650M + CaLM,0.066,0.060249481325568274,0.05094285095005887,0.04657778521289619
RARS2,ESM-2 650M + CaLM,0.0,0.0,0.0,0.0
RB1,ESM-1b 650M + CaLM,0.38,0.24474476501040834,0.15009673167671647,0.12134032680860525
RB1,ESM-2 650M + CaLM,0.344,0.20132063977645212,0.14264850418038333,0.0894527816969073
RHO,ESM-1b 650M + CaLM,0.294,0.16440802900101928,0.299227030618932,0.16746319290162226
RHO,ESM-2 650M + CaLM,0.0,0.0,0.0,0.0
RHOBTB2,ESM-1b 650M + CaLM,0.378,0.27362382937163937,0.28287713465732633,0.21698743118028832
RHOBTB2,ESM-2 650M + CaLM,0.22800000000000004,0.1759829537199555,0.16471359569555977,0.13211989707663244
RLIM,ESM-1b 650M + CaLM,0.0,0.0,0.0,0.0
RLIM,ESM-2 650M + CaLM,0.744,0.07700649323271382,0.7459215394773696,0.09089420705502574
ROBO4,ESM-1b 650M + CaLM,0.82,0.380525951808809,0.7991473637410761,0.4058198127102072
ROBO4,ESM-2 650M + CaLM,0.778,0.28743694960808364,0.7615161604994871,0.3073193290173946
ROR2,ESM-1b 650M + CaLM,0.294,0.2317973252649823,0.19998606211579456,0.187512893576115
ROR2,ESM-2 650M + CaLM,0.312,0.2858671019897183,0.25432446751827886,0.23719497921647467
RP2,ESM-1b 650M + CaLM,0.0,0.0,0.0,0.0
RP2,ESM-2 650M + CaLM,0.0,0.0,0.0,0.0
RPE65,ESM-1b 650M + CaLM,0.6679999999999999,0.19753480705941423,0.6212178012248062,0.22278437673270018
RPE65,ESM-2 650M + CaLM,0.44400000000000006,0.0920869154657707,0.4759977892598915,0.10007358612821056
RPS6KA3,ESM-1b 650M + CaLM,0.0,0.0,0.0,0.0
RPS6KA3,ESM-2 650M + CaLM,0.178,0.3980200999949626,0.17357249043633013,0.38811988763956634
RS1,ESM-1b 650M + CaLM,0.53,0.12328828005937956,0.338723696766997,0.109799126422585
RS1,ESM-2 650M + CaLM,0.32399999999999995,0.3086745859315276,0.2275346377100184,0.23684135745837953
RUNX1,ESM-1b 650M + CaLM,0.0,0.0,0.0,0.0
RUNX1,ESM-2 650M + CaLM,0.054000000000000006,0.12074767078498864,0.05202152553555819,0.11632366739074926
SATB2,ESM-1b 650M + CaLM,0.294,0.2224410034143885,0.14755092317029084,0.13577164012124063
SATB2,ESM-2 650M + CaLM,0.376,0.18146625030566976,0.23690732937844747,0.1267544665211188
SCNN1B,ESM-1b 650M + CaLM,0.264,0.3476780119593415,0.2142830586042635,0.30798364018611923
SCNN1B,ESM-2 650M + CaLM,0.006,0.005477225575051661,0.0034468633102383074,0.003155403161916502
SEC23B,ESM-1b 650M + CaLM,0.1,0.061644140029689765,0.06107964888661168,0.04503930916135158
SEC23B,ESM-2 650M + CaLM,0.20400000000000001,0.21466252583997986,0.08906002894547468,0.07401107088454559
SELENON,ESM-1b 650M + CaLM,0.21400000000000002,0.39997499921870117,0.20525353320236092,0.384746680126711
SELENON,ESM-2 650M + CaLM,0.0,0.0,0.0,0.0
SERAC1,ESM-1b 650M + CaLM,0.0,0.0,0.0,0.0
SERAC1,ESM-2 650M + CaLM,0.0,0.0,0.0,0.0
SERPINA1,ESM-1b 650M + CaLM,0.54,0.1679285562374667,0.5323041353811053,0.16854254542166933
SERPINA1,ESM-2 650M + CaLM,0.20400000000000001,0.06228964600958975,0.1828610540229485,0.05162716508074883
SERPINC1,ESM-1b 650M + CaLM,0.202,0.13084341787036902,0.21572626973404713,0.1376159478499962
SERPINC1,ESM-2 650M + CaLM,0.484,0.07668115805072324,0.5052965971881308,0.07379788377633853
SERPING1,ESM-1b 650M + CaLM,0.082,0.052153619241621194,0.054207463943356626,0.034254713035907124
SERPING1,ESM-2 650M + CaLM,0.05800000000000001,0.09257429448826493,0.046456181238801145,0.07558795921324164
SGSH,ESM-1b 650M + CaLM,0.064,0.030495901363953814,0.03872109641146721,0.01971236300478078
SGSH,ESM-2 650M + CaLM,0.5940000000000001,0.27245183060497136,0.5628036966426595,0.2682231793478346
SH3BP2,ESM-1b 650M + CaLM,0.97,0.017320508075688777,0.9467679539416981,0.03252611949957081
SH3BP2,ESM-2 650M + CaLM,0.968,0.02167948338867876,0.9458216390349042,0.034795586563583496
SKI,ESM-1b 650M + CaLM,0.05600000000000001,0.07668115805072327,0.025780639692693508,0.0353041439396523
SKI,ESM-2 650M + CaLM,0.0,0.0,0.0,0.0
SLC12A3,ESM-1b 650M + CaLM,0.244,0.2341580662714825,0.20387058164831898,0.19895255712119908
SLC12A3,ESM-2 650M + CaLM,0.036,0.08049844718999243,0.03256865834750165,0.07282573400097966
SLC16A2,ESM-1b 650M + CaLM,0.0,0.0,0.0,0.0
SLC16A2,ESM-2 650M + CaLM,0.08,0.14611639196202458,0.06165038606937793,0.11410107620470636
SLC19A3,ESM-1b 650M + CaLM,0.16,0.08944271909999159,0.07023914845469617,0.03981190049173785
SLC19A3,ESM-2 650M + CaLM,0.0,0.0,0.0,0.0
SLC1A2,ESM-1b 650M + CaLM,0.608,0.4146926572776518,0.5637645713189693,0.4087243610270064
SLC1A2,ESM-2 650M + CaLM,0.126,0.17714400921284354,0.1081541507333017,0.1545625329450973
SLC20A2,ESM-1b 650M + CaLM,0.0,0.0,0.0,0.0
SLC20A2,ESM-2 650M + CaLM,0.0,0.0,0.0,0.0
SLC22A5,ESM-1b 650M + CaLM,0.198,0.04024922359499623,0.15112264834568886,0.03817727873699087
SLC22A5,ESM-2 650M + CaLM,0.02,0.044721359549995794,0.014532488552207484,0.03249563228497344
SLC26A4,ESM-1b 650M + CaLM,0.292,0.2883053936366783,0.24324155615578175,0.2484470125926693
SLC26A4,ESM-2 650M + CaLM,0.396,0.21125813593800358,0.354479186520215,0.18993926300189168
SLC27A4,ESM-1b 650M + CaLM,0.096,0.08763560920082658,0.06117242801146735,0.05591286266046256
SLC27A4,ESM-2 650M + CaLM,0.0,0.0,0.0,0.0
SLC29A3,ESM-1b 650M + CaLM,0.0,0.0,0.0,0.0
SLC29A3,ESM-2 650M + CaLM,0.0,0.0,0.0,0.0
SLC2A1,ESM-1b 650M + CaLM,0.376,0.12973048986263794,0.3177475450607436,0.11450554862442806
SLC2A1,ESM-2 650M + CaLM,0.22200000000000003,0.12153188881935471,0.1961027016937301,0.11700656099162937
SLC2A10,ESM-1b 650M + CaLM,0.0,0.0,0.0,0.0
SLC2A10,ESM-2 650M + CaLM,0.0,0.0,0.0,0.0
SLC34A3,ESM-1b 650M + CaLM,0.43000000000000005,0.24351591323771843,0.3270895829902216,0.18742563340614093
SLC34A3,ESM-2 650M + CaLM,0.0,0.0,0.0,0.0
SLC35A2,ESM-1b 650M + CaLM,0.386,0.16546903033498445,0.31191411948946046,0.14108270964169975
SLC35A2,ESM-2 650M + CaLM,0.126,0.28174456516497354,0.11552898149334226,0.2583306559904284
SLC40A1,ESM-1b 650M + CaLM,0.0,0.0,0.0,0.0
SLC40A1,ESM-2 650M + CaLM,0.624,0.12340988615179904,0.5658883829060707,0.13252843084936253
SLC4A1,ESM-1b 650M + CaLM,0.0,0.0,0.0,0.0
SLC4A1,ESM-2 650M + CaLM,0.6439999999999999,0.4456792568652932,0.6242126736331383,0.44902698564934934
SLC4A11,ESM-1b 650M + CaLM,0.262,0.14652644812456217,0.16549833487464485,0.09255506368508327
SLC4A11,ESM-2 650M + CaLM,0.0,0.0,0.0,0.0
SLC52A3,ESM-1b 650M + CaLM,0.0,0.0,0.0,0.0
SLC52A3,ESM-2 650M + CaLM,0.0,0.0,0.0,0.0
SLC6A1,ESM-1b 650M + CaLM,0.276,0.015165750888103081,0.20631319605934695,0.016796787475984072
SLC6A1,ESM-2 650M + CaLM,0.75,0.08124038404635962,0.7208730121529747,0.0819857686903262
SLC6A19,ESM-1b 650M + CaLM,0.246,0.22456624857711807,0.16246593134833398,0.14851468641152077
SLC6A19,ESM-2 650M + CaLM,0.258,0.23552069972722142,0.2269184094298749,0.2073651247135338
SLC6A5,ESM-1b 650M + CaLM,0.184,0.10285912696499033,0.13324791266668984,0.07458235162176427
SLC6A5,ESM-2 650M + CaLM,0.11800000000000002,0.07661592523751182,0.1080662725045795,0.07111430157050025
SLC6A8,ESM-1b 650M + CaLM,0.40199999999999997,0.12377398757412642,0.3311527015011333,0.10648522332096581
SLC6A8,ESM-2 650M + CaLM,0.592,0.14839137441239636,0.5876443986655362,0.14771313723436316
SLC9A6,ESM-1b 650M + CaLM,0.32399999999999995,0.2228901074520805,0.25832741614346444,0.1903951468240789
SLC9A6,ESM-2 650M + CaLM,0.0,0.0,0.0,0.0
SLCO2A1,ESM-1b 650M + CaLM,0.0,0.0,0.0,0.0
SLCO2A1,ESM-2 650M + CaLM,0.0,0.0,0.0,0.0
SMARCAL1,ESM-1b 650M + CaLM,0.0,0.0,0.0,0.0
SMARCAL1,ESM-2 650M + CaLM,0.0,0.0,0.0,0.0
SMPD1,ESM-1b 650M + CaLM,0.15,0.08396427811873333,0.1288589080788717,0.07229485655524907
SMPD1,ESM-2 650M + CaLM,0.256,0.17686152775547315,0.23355867764559965,0.1680682147183532
SNAP25,ESM-1b 650M + CaLM,0.418,0.16099689437998485,0.2973929100902637,0.12487987880632263
SNAP25,ESM-2 650M + CaLM,0.12200000000000003,0.026832815729997482,0.13434717727138906,0.03957899022199489
SOX10,ESM-1b 650M + CaLM,0.10200000000000001,0.06906518659932803,0.07439083513825366,0.05038728629051254
SOX10,ESM-2 650M + CaLM,0.43600000000000005,0.29432974705251935,0.40652845551276034,0.2835644254819422
SOX11,ESM-1b 650M + CaLM,0.13599999999999998,0.12876334882255897,0.09362262386608027,0.09430214778008138
SOX11,ESM-2 650M + CaLM,0.22600000000000003,0.367464283978729,0.21974979314578222,0.36304799177934444
SOX2,ESM-1b 650M + CaLM,0.0,0.0,0.0,0.0
SOX2,ESM-2 650M + CaLM,0.0,0.0,0.0,0.0
SOX5,ESM-1b 650M + CaLM,0.9,0.16896745248715803,0.8591429002683588,0.2226432976735085
SOX5,ESM-2 650M + CaLM,0.8220000000000001,0.10963576058932596,0.8164981874902502,0.10625306056067435
SOX6,ESM-1b 650M + CaLM,0.21400000000000002,0.18022208521710095,0.1530449033452596,0.13952401001109208
SOX6,ESM-2 650M + CaLM,0.36,0.49300101419773984,0.3671969499099089,0.5028788830690526
SOX9,ESM-1b 650M + CaLM,0.6980000000000001,0.030331501776206155,0.6399817337956244,0.026610313348067495
SOX9,ESM-2 650M + CaLM,0.788,0.0268328157299975,0.7706879783941776,0.02596643740294454
SPAST,ESM-1b 650M + CaLM,0.066,0.060249481325568274,0.04249930617506727,0.038887920080501966
SPAST,ESM-2 650M + CaLM,0.8539999999999999,0.01341640786499869,0.807271712676112,0.017059936545589016
SPG7,ESM-1b 650M + CaLM,0.304,0.24265201420964963,0.2366638651190561,0.19281672242525094
SPG7,ESM-2 650M + CaLM,0.75,0.23280893453645632,0.7263368202061209,0.24151932263412443
SRD5A2,ESM-1b 650M + CaLM,0.30199999999999994,0.23274449510138795,0.26685105224497535,0.20633657665805713
SRD5A2,ESM-2 650M + CaLM,0.718,0.11099549540409287,0.6807832194426439,0.11805671832310366
STAT3,ESM-1b 650M + CaLM,0.4779999999999999,0.1458423806717375,0.244856101802299,0.0894329299847192
STAT3,ESM-2 650M + CaLM,0.266,0.1657709262808168,0.11727555773029677,0.08161082842288098
STIM1,ESM-1b 650M + CaLM,0.392,0.2191346617949794,0.1518678438443479,0.08532673994840781
STIM1,ESM-2 650M + CaLM,0.15,0.13693063937629155,0.05615686350596488,0.05153814523563909
STING1,ESM-1b 650M + CaLM,0.624,0.29669850016472954,0.6126701390610482,0.31412162059299675
STING1,ESM-2 650M + CaLM,0.6759999999999999,0.20586403279834967,0.6759581100428876,0.19062426107237876
STK11,ESM-1b 650M + CaLM,0.392,0.22521101216414796,0.3149077128121398,0.18520135038640057
STK11,ESM-2 650M + CaLM,0.162,0.14788509052639484,0.14887838329992298,0.13611722713170704
STRA6,ESM-1b 650M + CaLM,0.0,0.0,0.0,0.0
STRA6,ESM-2 650M + CaLM,0.0,0.0,0.0,0.0
STS,ESM-1b 650M + CaLM,0.0,0.0,0.0,0.0
STS,ESM-2 650M + CaLM,0.132,0.12049896265113655,0.09202928983038214,0.08633960455603922
STXBP1,ESM-1b 650M + CaLM,0.47800000000000004,0.16619265928433782,0.4681482322323444,0.1639520187115074
STXBP1,ESM-2 650M + CaLM,0.05600000000000001,0.09126883367283709,0.04817439434395582,0.07869067617409681
SUCLA2,ESM-1b 650M + CaLM,0.0,0.0,0.0,0.0
SUCLA2,ESM-2 650M + CaLM,0.0,0.0,0.0,0.0
SUMF1,ESM-1b 650M + CaLM,0.0,0.0,0.0,0.0
SUMF1,ESM-2 650M + CaLM,0.0,0.0,0.0,0.0
TAOK1,ESM-1b 650M + CaLM,0.22999999999999998,0.13038404810405296,0.15417009921919161,0.0872756740478721
TAOK1,ESM-2 650M + CaLM,0.0,0.0,0.0,0.0
TBR1,ESM-1b 650M + CaLM,0.0,0.0,0.0,0.0
TBR1,ESM-2 650M + CaLM,0.592,0.342081861547788,0.545076984291896,0.3193466847063746
TBX4,ESM-1b 650M + CaLM,0.442,0.2604227332626704,0.35630564779732704,0.21549478120339458
TBX4,ESM-2 650M + CaLM,0.096,0.08763560920082658,0.09759477607338303,0.08924838347721904
TBX5,ESM-1b 650M + CaLM,0.44000000000000006,0.31448370387032776,0.37184580418384794,0.32445469859431514
TBX5,ESM-2 650M + CaLM,0.658,0.39983746697877126,0.6516125012521309,0.39959391818514356
TCF4,ESM-1b 650M + CaLM,0.6599999999999999,0.10049875621120889,0.5248511400050015,0.11305441308986543
TCF4,ESM-2 650M + CaLM,0.344,0.22897598127314578,0.2717257711693289,0.204405994007131
TFE3,ESM-1b 650M + CaLM,0.0,0.0,0.0,0.0
TFE3,ESM-2 650M + CaLM,0.938,0.016431676725154915,0.9367375118748832,0.014294257335449022
TGFBR1,ESM-1b 650M + CaLM,0.0,0.0,0.0,0.0
TGFBR1,ESM-2 650M + CaLM,0.0,0.0,0.0,0.0
TGFBR2,ESM-1b 650M + CaLM,0.388,0.27626074639731213,0.347193303855183,0.2566738936862357
TGFBR2,ESM-2 650M + CaLM,0.45999999999999996,0.2742261840160418,0.47053999273977,0.2778467109096419
TGM1,ESM-1b 650M + CaLM,0.16799999999999998,0.11670475568716127,0.12856058871294462,0.0902117296411435
TGM1,ESM-2 650M + CaLM,0.018,0.016431676725154984,0.015025818517911562,0.013738443110959753
TMEM67,ESM-1b 650M + CaLM,0.526,0.30956420981760796,0.3241406533762628,0.20392257103000969
TMEM67,ESM-2 650M + CaLM,0.40599999999999997,0.03130495168499705,0.21136108144591756,0.02740722251996901
TMPRSS3,ESM-1b 650M + CaLM,0.0,0.0,0.0,0.0
TMPRSS3,ESM-2 650M + CaLM,0.0,0.0,0.0,0.0
TNFRSF1A,ESM-1b 650M + CaLM,0.0,0.0,0.0,0.0
TNFRSF1A,ESM-2 650M + CaLM,0.0,0.0,0.0,0.0
TNPO2,ESM-1b 650M + CaLM,0.136,0.008944271909999168,0.10611898798718737,0.015420046590849295
TNPO2,ESM-2 650M + CaLM,0.336,0.3431180554852805,0.34030413504231277,0.350273428855452
TP53,ESM-1b 650M + CaLM,0.02,0.03391164991562634,0.005950742738185599,0.010189345946750835
TP53,ESM-2 650M + CaLM,0.046,0.07602631123499284,0.01711369515256155,0.029318959285252435
TP63,ESM-1b 650M + CaLM,0.6140000000000001,0.07503332592921623,0.2762775751900987,0.05924367547248236
TP63,ESM-2 650M + CaLM,0.506,0.06188699378706324,0.2452018803365749,0.04739025551757104
TPO,ESM-1b 650M + CaLM,0.238,0.11734564329364769,0.14556436400592587,0.07943705747777706
TPO,ESM-2 650M + CaLM,0.11200000000000002,0.25043961347997645,0.08526760758111682,0.19066416683015364
TPP1,ESM-1b 650M + CaLM,0.076,0.10406728592598156,0.05120888698848591,0.07030335241691558
TPP1,ESM-2 650M + CaLM,0.47000000000000003,0.3144041984452498,0.3847304115026088,0.28141714516461686
TRAF7,ESM-1b 650M + CaLM,0.37,0.3652396473549934,0.3003715307511386,0.32200006333218684
TRAF7,ESM-2 650M + CaLM,0.568,0.3220558957696629,0.5763461606081431,0.3071464044450817
TRMU,ESM-1b 650M + CaLM,0.0,0.0,0.0,0.0
TRMU,ESM-2 650M + CaLM,0.0,0.0,0.0,0.0
TRPC6,ESM-1b 650M + CaLM,0.0,0.0,0.0,0.0
TRPC6,ESM-2 650M + CaLM,0.054000000000000006,0.04929503017546495,0.04119234378495443,0.0379059193482263
TRPV3,ESM-1b 650M + CaLM,0.072,0.06572670690061992,0.05663916574941835,0.05200853434418875
TRPV3,ESM-2 650M + CaLM,0.26,0.19493588689617927,0.24222053263479754,0.1816684496467802
TRPV4,ESM-1b 650M + CaLM,0.012,0.026832815729997475,0.00789925057435066,0.017663261255552336
TRPV4,ESM-2 650M + CaLM,0.418,0.5321841786449499,0.4152496939466658,0.5344626656641702
TRPV6,ESM-1b 650M + CaLM,0.0,0.0,0.0,0.0
TRPV6,ESM-2 650M + CaLM,0.0,0.0,0.0,0.0
TSEN54,ESM-1b 650M + CaLM,0.052000000000000005,0.0712039324756716,0.032392025033043545,0.0444313060782813
TSEN54,ESM-2 650M + CaLM,0.21600000000000003,0.2508585258666725,0.18569020310907924,0.22134808370907794
TSHR,ESM-1b 650M + CaLM,0.0,0.0,0.0,0.0
TSHR,ESM-2 650M + CaLM,0.38,0.36462309307009066,0.3673147661786047,0.36179636598579873
TUBB2A,ESM-1b 650M + CaLM,0.458,0.2406657433038612,0.4551206195640366,0.2382052105692351
TUBB2A,ESM-2 650M + CaLM,0.76,0.16477257053284083,0.7932504811572271,0.13862208725517608
TULP1,ESM-1b 650M + CaLM,0.016,0.00894427190999916,0.008205715172862242,0.004629959915116041
TULP1,ESM-2 650M + CaLM,0.0,0.0,0.0,0.0
TYMP,ESM-1b 650M + CaLM,0.4760000000000001,0.272910241654651,0.42685313958753995,0.2432571055293008
TYMP,ESM-2 650M + CaLM,0.0,0.0,0.0,0.0
TYRP1,ESM-1b 650M + CaLM,0.0,0.0,0.0,0.0
TYRP1,ESM-2 650M + CaLM,0.0,0.0,0.0,0.0
UBE3A,ESM-1b 650M + CaLM,0.422,0.16769019053003667,0.31492050839120245,0.13695315040960956
UBE3A,ESM-2 650M + CaLM,0.45199999999999996,0.19992498593222408,0.3955039489705047,0.18551879200883534
UBQLN2,ESM-1b 650M + CaLM,0.8859999999999999,0.039115214431215836,0.8206130422433837,0.0499642717929755
UBQLN2,ESM-2 650M + CaLM,0.288,0.3353654722835969,0.2518864054939526,0.3124043409447529
UMOD,ESM-1b 650M + CaLM,0.262,0.16739175606940743,0.28953353548736416,0.18807367081399848
UMOD,ESM-2 650M + CaLM,0.03,0.045825756949558406,0.03824699781996965,0.057780041020138166
UROS,ESM-1b 650M + CaLM,0.756,0.250659131092406,0.6318079448955205,0.2729814085707571
UROS,ESM-2 650M + CaLM,0.708,0.0939148550549912,0.5251537321609199,0.12069122538423832
VHL,ESM-1b 650M + CaLM,0.0,0.0,0.0,0.0
VHL,ESM-2 650M + CaLM,0.0,0.0,0.0,0.0
VPS4A,ESM-1b 650M + CaLM,0.0,0.0,0.0,0.0
VPS4A,ESM-2 650M + CaLM,0.0,0.0,0.0,0.0
WARS2,ESM-1b 650M + CaLM,0.188,0.42038077976996047,0.1864825976961692,0.41698776506938
WARS2,ESM-2 650M + CaLM,0.19,0.42485291572496,0.18659819971912867,0.41724625905105384
WAS,ESM-1b 650M + CaLM,0.0,0.0,0.0,0.0
WAS,ESM-2 650M + CaLM,0.0,0.0,0.0,0.0
WDR26,ESM-1b 650M + CaLM,0.532,0.3191708006694848,0.43505264328729976,0.27869992123225407
WDR26,ESM-2 650M + CaLM,0.384,0.3505424368033063,0.3672061916666015,0.33528020209517445
WDR37,ESM-1b 650M + CaLM,0.522,0.2006738647656939,0.43155998958596875,0.17872214990547675
WDR37,ESM-2 650M + CaLM,0.25,0.1541103500742244,0.2274229705015866,0.14059471667166312
WDR45,ESM-1b 650M + CaLM,0.504,0.12817956155331472,0.456899623746887,0.12946749505410893
WDR45,ESM-2 650M + CaLM,0.6599999999999999,0.3824264635194588,0.6477042594855627,0.37817819088153176
WFS1,ESM-1b 650M + CaLM,0.23399999999999999,0.13145341380123987,0.09991709877668524,0.05669240118674438
WFS1,ESM-2 650M + CaLM,0.182,0.1676901905300367,0.09047701476512637,0.09441524829124982
WNT10A,ESM-1b 650M + CaLM,0.25,0.0,0.1523664564740464,0.010239061768528117
WNT10A,ESM-2 650M + CaLM,0.264,0.14758048651498612,0.21387689844681965,0.1204313938498289
WWOX,ESM-1b 650M + CaLM,0.378,0.1779606698121807,0.3003009729152195,0.14240821368344853
WWOX,ESM-2 650M + CaLM,0.534,0.27005554984113916,0.48776775562161045,0.27699513719475116
XPC,ESM-1b 650M + CaLM,0.7939999999999999,0.18676188047886003,0.7739656075320396,0.16072368696742217
XPC,ESM-2 650M + CaLM,0.0,0.0,0.0,0.0
YARS1,ESM-1b 650M + CaLM,0.0,0.0,0.0,0.0
YARS1,ESM-2 650M + CaLM,0.202,0.11366617790706258,0.19840624187146538,0.11471196277469402
ZBTB18,ESM-1b 650M + CaLM,0.10200000000000001,0.22807893370497853,0.06154032097297084,0.1376083410527188
ZBTB18,ESM-2 650M + CaLM,0.0,0.0,0.0,0.0
ZBTB20,ESM-1b 650M + CaLM,0.0,0.0,0.0,0.0
ZBTB20,ESM-2 650M + CaLM,0.06,0.06928203230275509,0.052165579786097205,0.059569715467009336
ZMYND11,ESM-1b 650M + CaLM,0.788,0.021679483388678825,0.6235219879696399,0.047970142988691504
ZMYND11,ESM-2 650M + CaLM,0.358,0.13863621460498696,0.2426977942782559,0.11106260404615491
ZNRF3,ESM-1b 650M + CaLM,0.0,0.0,0.0,0.0
ZNRF3,ESM-2 650M + CaLM,0.24000000000000005,0.21908902300206645,0.2424610079336385,0.22167503132410665
