,Pair,Count_overall,Count_clm,Count_plm,Freq_overall,Freq_clm,Freq_plm,BR_clm,BR_plm,pvalue_clm_raw,pvalue_clm_corrected,significant_clm,pvalue_plm_raw,pvalue_plm_corrected,significant_plm
0,"('R', 'P')",873,79,166,0.006356024754277393,0.008889388995161472,0.014389736477115118,1.398576836753068,2.2639522395552825,0.0003053689058940317,0.0010906032353358273,True,2.347011874197128e-35,2.347011874197128e-34,True
1,"('R', 'T')",252,19,27,0.0018347287950491445,0.0021379543152919996,0.002340499306518724,1.1652699412910958,1.2756649990093125,0.4008420046632143,0.5274236903463346,False,0.10022717026812962,0.13187785561596002,False
2,"('M', 'L')",592,34,107,0.004310156534401165,0.0038258129852593676,0.009275312066574202,0.8876273877117807,2.15196640598643,0.7979950320842685,0.8866611467602983,False,1.0485302500891567e-20,7.489501786351119e-20,True
3,"('I', 'R')",48,3,14,0.00034947215143793227,0.00033757173399347364,0.0012135922330097086,0.9659474513334085,3.4726436084142396,1.0,1.0,False,1.2858377595031203e-07,3.2690790495842045e-07,True
4,"('V', 'L')",1226,75,98,0.00892610120131052,0.00843929334983684,0.00849514563106796,0.9454624319739723,0.9517196186192368,1.0,1.0,False,0.7932287119811954,0.8320580894907643,False
5,"('S', 'L')",1396,91,94,0.01016381507098653,0.010239675931135367,0.008148404993065187,1.0074638174365635,0.8017073250698449,0.5277960418011353,0.659745052251419,False,0.16730516363242004,0.21088886172153787,False
6,"('F', 'V')",184,31,36,0.0013396432471787405,0.003488241251265894,0.0031206657420249652,2.603858347072666,2.3294752155822227,2.4696127945782713e-09,2.1790701128631807e-08,True,4.637245731863846e-09,1.4799720420842062e-08,True
7,"('P', 'Q')",291,18,12,0.0021186749180924645,0.0020254304039608417,0.0010402219140083217,0.9559892301856413,0.49097759412042263,1.0,1.0,False,0.027420905065313743,0.040324860390167264,False
8,"('Y', 'F')",159,4,6,0.0011576265016381506,0.0004500956453246315,0.0005201109570041609,0.38880903701470526,0.4492908172611415,0.08639882296382664,0.16404839803258225,False,0.08411108719997022,0.1136636313513111,False
9,"('I', 'L')",347,13,26,0.0025263924281033853,0.0014628108473050522,0.0022538141470180304,0.579011728753167,0.8921077034378285,0.08776557863474863,0.16456045994015367,False,0.9373570421154784,0.9564867776688556,False
10,"('W', 'G')",108,16,31,0.0007863123407353477,0.001800382581298526,0.002687239944521498,2.2896532179754865,3.417522281296553,0.00031789369618513924,0.0011089314983202532,True,1.6241473482194808e-15,8.700789365461503e-15,True
11,"('V', 'D')",180,17,55,0.0013105205678922462,0.0019129064926296838,0.004767683772538141,1.4596539264593726,3.638007589767298,0.08264090798810564,0.16060638102713165,False,1.1804887559143784e-29,1.0416077258068044e-28,True
12,"('H', 'R')",1151,58,356,0.00838005096468875,0.006526386857207156,0.03085991678224688,0.778800377790967,3.6825452389588262,0.1552804099474513,0.2701379399592164,False,3.0676287269105457e-190,2.3007215451829092e-188,True
13,"('V', 'M')",2301,161,52,0.016752821259555878,0.018116349724316416,0.004507628294036061,1.0813909755040678,0.2690668171168418,0.07136939374352236,0.14273878748704472,False,4.685194987966389e-23,3.5138962409747915e-22,True
14,"('W', 'S')",120,38,30,0.0008736803785948308,0.004275908630583999,0.0026005547850208046,4.894133753422603,2.9765516643550622,7.840642433781207e-31,2.3521927301343623e-29,True,5.2209427343361676e-12,2.1753928059734032e-11,True
15,"('A', 'D')",461,22,69,0.0033563887877684747,0.0024755260492854733,0.00598127600554785,0.7375564053565288,1.7820569617396902,0.281177434409312,0.4142778874554695,False,1.0948214244515962e-08,3.22006301309293e-08,True
16,"('M', 'I')",1226,97,229,0.00892610120131052,0.010914819399122314,0.01985090152565881,1.2227980786863375,2.2239162516714823,0.008448302518487378,0.022232375048650995,False,2.348595824025557e-46,3.202630669125759e-45,True
17,"('R', 'C')",3129,502,240,0.02278121587186021,0.056487003488241254,0.020804438280166437,2.4795429623234058,0.9132277397829531,9.451204729313288e-122,7.088403546984965e-120,True,0.8748137887646867,0.9049797814807105,False
18,"('I', 'N')",309,30,55,0.002249726974881689,0.003375717339934736,0.004767683772538141,1.5005008952751975,2.119227722194543,0.010633092736837841,0.02749937776768407,False,7.720879596411764e-11,3.047715630162538e-10,True
19,"('W', 'R')",498,86,136,0.0036257735711685475,0.009677056374479577,0.011789181692094313,2.6689632390256426,3.251494187568582,3.3319513948663515e-25,7.139895846142181e-24,True,1.954870572706491e-59,4.1890083700853375e-58,True
20,"('D', 'E')",1204,35,74,0.008765926465234802,0.0039383368965905255,0.006414701803051317,0.44927788434112015,0.7317768211371248,5.0102147038957e-06,2.8597020920321703e-05,True,0.04153982949549017,0.05878277758795779,False
21,"('T', 'A')",2034,51,106,0.014808882417182381,0.005738719477889051,0.009188626907073508,0.3875187415378865,0.6204807795902391,1.558901283250751e-11,1.7987322499047126e-10,True,1.9105292890500587e-05,4.054205633810601e-05,True
22,"('V', 'I')",3951,223,25,0.028765926465234803,0.025092832226848206,0.002167128987517337,0.8723109355498864,0.07533666576449158,0.25217477555412654,0.38208299326382805,False,2.8401019671354434e-64,8.52030590140633e-63,True
23,"('H', 'L')",174,10,21,0.0012668365489625045,0.0011252391133115788,0.0018203883495145632,0.8882275414560078,1.4369559758955475,0.9810242267167648,1.0,False,0.04653399365397675,0.06523457054295806,False
24,"('N', 'Y')",160,19,15,0.0011649071714597743,0.0021379543152919996,0.0013002773925104023,1.835300157533476,1.1162068741331486,0.003669813013376234,0.011009439040128704,False,0.5341037178528278,0.6023726141197306,False
25,"('I', 'M')",587,32,14,0.004273753185293047,0.003600765162597052,0.0012135922330097086,0.8425299745872318,0.28396404293676913,0.581963520384521,0.7214423806419682,False,1.6436056283303358e-06,3.7539138436725506e-06,True
26,"('S', 'I')",237,14,15,0.0017255187477247906,0.0015753347586362101,0.0013002773925104023,0.9129629919775674,0.7535573833810285,1.0,1.0,False,0.4860318718247172,0.5565250440741036,False
27,"('V', 'E')",179,14,40,0.0013032398980706225,0.0015753347586362101,0.0034674063800277394,1.2087834027859412,2.6606048396469832,0.41197516533765144,0.5369933804346674,False,7.616901465275347e-13,3.4622279387615214e-12,True
28,"('C', 'Y')",1120,77,159,0.00815435020021842,0.008664341172499156,0.013782940360610264,1.0625421964667494,1.6902561236873392,0.2916848899088056,0.41976016502345775,False,9.609142028733934e-16,5.338412238185519e-15,True
29,"('G', 'C')",526,34,62,0.003829632326174008,0.0038258129852593676,0.005374479889042996,0.9990026873105973,1.4033931801521968,0.7801380604113972,0.8798549553511998,False,0.000709926248462812,0.0012986455764563635,True
30,"('Y', 'D')",173,18,34,0.001259555879140881,0.0020254304039608417,0.0029472954230235784,1.6080512484625524,2.3399481292039797,0.02614025822850948,0.058522966183230184,False,1.0873650254948215e-08,3.22006301309293e-08,True
31,"('D', 'V')",487,46,49,0.003545686203130688,0.005176099921233262,0.00424757281553398,1.4598302344587033,1.1979550846274993,0.002532506558840314,0.007752571098490758,True,0.06794239089834113,0.09436443180325157,False
32,"('T', 'K')",273,25,33,0.0019876228613032398,0.002813097783278947,0.002860610263522885,1.4153076210013311,1.4392117937540962,0.044996754866467675,0.09642161757100216,False,0.010175355453558096,0.016066350716144363,False
33,"('W', 'L')",76,17,24,0.0005533309064433928,0.0019129064926296838,0.0020804438280166435,3.457075088982725,3.759854733922184,1.1598715243050385e-08,8.60982346392208e-08,True,4.122511444252314e-14,1.994763602057571e-13,True
34,"('A', 'E')",364,22,59,0.0026501638150709865,0.0024755260492854733,0.005114424410540916,0.9341030298608785,1.9298521779884472,1.0,1.0,False,2.7890106699437058e-09,9.296702233145686e-09,True
35,"('F', 'L')",1208,194,239,0.008795049144521295,0.02182963879824463,0.020717753120665743,2.4820371597176325,2.3556153900028476,1.1846668989289841e-47,4.4425008709836905e-46,True,4.564022880656342e-55,8.55754290123064e-54,True
36,"('N', 'T')",222,13,15,0.0016163087004004368,0.0014628108473050522,0.0013002773925104023,0.9050318462943646,0.8044734227986656,1.0,1.0,False,0.6688311973153701,0.7166048542664679,False
37,"('D', 'G')",1011,64,88,0.007360757189661449,0.007201530325194104,0.0076282940360610264,0.9783681406186054,1.0363463757200613,0.7882730864595003,0.8823952460367541,False,0.281875266573413,0.34656795070501595,False
38,"('P', 'T')",778,39,28,0.005664361121223153,0.004388432541915157,0.0024271844660194173,0.7747444853882349,0.4285010108068984,0.24105000037255786,0.3735145083876934,False,1.918990666670351e-05,4.054205633810601e-05,True
39,"('H', 'N')",195,8,7,0.0014197306152166,0.000900191290649263,0.0006067961165048543,0.6340578142085962,0.4274022902663679,0.31485272425513877,0.44138232372215713,False,0.04139321347932148,0.05878277758795779,False
40,"('V', 'G')",401,45,55,0.0029195485984710593,0.0050635760099021045,0.004767683772538141,1.734369488678439,1.6330208632371912,2.538085965528265e-05,0.00012281061123523864,True,1.1905661116705568e-05,2.588187199283819e-05,True
41,"('A', 'V')",3898,278,109,0.028380050964688753,0.031281647350061885,0.009448682385575589,1.1022407038304258,0.3329339470648556,0.006394594607014721,0.017762762797263115,False,1.31099304098874e-31,1.2290559759269438e-30,True
42,"('S', 'G')",1032,18,52,0.0075136512559155445,0.0020254304039608417,0.004507628294036061,0.26956673060467207,0.5999251416529583,7.3732014811828535e-09,5.8209485377759364e-08,True,0.0013213964445290102,0.0023596365080875183,True
43,"('S', 'W')",105,27,24,0.0007644703312704769,0.0030381456059412624,0.0020804438280166435,3.974183799771737,2.7214186645531995,2.0354113607645353e-16,3.3923522679408924e-15,True,2.030300652340391e-08,5.537183597291976e-08,True
44,"('E', 'D')",1237,27,74,0.00900618856934838,0.0030381456059412624,0.006414701803051317,0.33733977281813454,0.7122548849224726,1.2053752849490913e-08,8.60982346392208e-08,True,0.022366358042163224,0.03354953706324484,False
45,"('A', 'G')",652,23,23,0.00474699672369858,0.002588049960616631,0.00199375866851595,0.5451973344949299,0.4200042225777082,0.00805741222169146,0.021582354165244982,False,7.269302887811557e-05,0.00014160979651580956,True
46,"('M', 'R')",326,32,39,0.00237349836184929,0.003600765162597052,0.0033807212205270456,1.5170708438119789,1.4243621461330973,0.006699469537745176,0.018271280557486846,False,0.00606473609726782,0.009888156680327968,True
47,"('L', 'Q')",221,15,34,0.0016090280305788133,0.001687858669967368,0.0029472954230235784,1.0489927073303982,1.8317241011415768,0.763437540355498,0.8675426594948842,False,3.755790577606583e-05,7.630185568250628e-05,True
48,"('S', 'R')",821,47,132,0.005977429923552967,0.00528862383256442,0.01144244105409154,0.8847655096257285,1.914274395590101,0.7241793051072091,0.8420689594269873,False,6.962663175656377e-19,4.747270347038439e-18,True
49,"('A', 'S')",1001,26,34,0.007287950491445213,0.0029256216946101045,0.0029472954230235784,0.40143270704765016,0.4044066197325559,5.147463765657907e-06,2.8597020920321703e-05,True,3.233204027947468e-07,7.822267809550326e-07,True
50,"('I', 'S')",183,24,21,0.0013323625773571169,0.002700573871947789,0.0018203883495145632,2.0269061273881355,1.3662860098678975,0.00012724352064240915,0.0004771632024090343,True,0.0804522504357441,0.10970761423056014,False
51,"('F', 'I')",144,16,15,0.0010484164543137968,0.001800382581298526,0.0013002773925104023,1.717239913481615,1.240229860147943,0.01853373627166395,0.04483968452821924,False,0.2974245316173648,0.3597877398597155,False
52,"('V', 'A')",1273,61,154,0.009268292682926829,0.00686395859120063,0.013349514563106795,0.7405850058926996,1.4403423607562595,0.06115045503620654,0.12919110218916874,False,8.264285508586959e-09,2.5298833189551915e-08,True
53,"('S', 'A')",398,6,7,0.0028977065890061888,0.0006751434679869473,0.0006067961165048543,0.23299235007036986,0.20940564472849682,0.00020234172145588882,0.0007402745906922762,True,1.1782252578557165e-05,2.588187199283819e-05,True
54,"('Y', 'S')",178,24,24,0.0012959592282489989,0.002700573871947789,0.0020804438280166435,2.083841692764207,1.6053312347083484,6.876878524014238e-05,0.00028542939515913054,True,0.006478957867443828,0.010449932044264238,False
55,"('L', 'H')",145,9,25,0.0010556971241354204,0.0010127152019804209,0.002167128987517337,0.9592857447724883,2.0527942512793533,1.0,1.0,False,3.764224880336977e-05,7.630185568250628e-05,True
56,"('E', 'V')",270,9,28,0.0019657808518383692,0.0010127152019804209,0.0024271844660194173,0.5151719740444844,1.2347177274361738,0.07814025663188447,0.1542241907208246,False,0.13410629574173139,0.1734133134591354,False
57,"('M', 'K')",249,15,40,0.0018128867855842737,0.001687858669967368,0.0034674063800277394,0.9310336880322008,1.912643639746225,1.0,1.0,False,1.6517220912159222e-06,3.7539138436725506e-06,True
58,"('Q', 'L')",196,11,11,0.0014270112850382234,0.0012377630246427367,0.0009535367545076283,0.8673813848708157,0.6682054756715446,0.9018910551664914,0.9876807411945538,False,0.32421805218041244,0.3890616626164949,False
59,"('E', 'G')",830,59,48,0.006042955951947579,0.006638910768538314,0.004160887656033287,1.098619751877997,0.6885517103086409,0.24153938209070838,0.3735145083876934,False,0.039325592841844656,0.05727028083763785,False
60,"('L', 'P')",1957,161,353,0.014248270840917364,0.018116349724316416,0.0305998613037448,1.2714770744174042,2.1476192897646134,7.966650760752315e-05,0.00031447305634548607,True,3.6637107512984395e-65,1.3738915317369148e-63,True
61,"('S', 'N')",1339,33,48,0.009748816891153986,0.0037132890739282097,0.004160887656033287,0.38089638110831936,0.4268094992951247,3.738737926631324e-08,2.549139495430448e-07,True,1.3829041857807374e-08,3.913879771077559e-08,True
62,"('I', 'K')",55,5,17,0.0004004368401892974,0.0005626195566557894,0.0014736477115117892,1.4050144746667759,3.6801002395662588,0.5135091376942108,0.6527658530011154,False,6.699304826625924e-10,2.450965180472899e-09,True
63,"('F', 'S')",484,68,61,0.0035238441936658173,0.007651625970518735,0.005287794729542303,2.171386006303199,1.5005756324434614,4.0421438785392956e-13,5.512014379826312e-12,True,9.1097157993445e-05,0.00017518684229508654,True
64,"('R', 'L')",837,86,71,0.0060939206406989445,0.009677056374479577,0.006154646324549237,1.5879852963378374,1.0099649613821238,5.17960932368415e-07,3.3780060806635763e-06,True,0.46659654311241827,0.5383806266681749,False
65,"('N', 'I')",234,20,23,0.0017036767382599199,0.0022504782266231575,0.00199375866851595,1.3209537796012423,1.1702681757293407,0.14841554904465742,0.2619097924317484,False,0.28533654402557346,0.3479713951531384,False
66,"('K', 'M')",78,6,5,0.00056789224608664,0.0006751434679869473,0.00043342579750346743,1.1888584016411181,0.7632183754756571,0.7187621443901236,0.8420689594269873,False,0.8178082146709834,0.8518835569489411,False
67,"('L', 'R')",604,30,96,0.004397524572260648,0.003375717339934736,0.008321775312066574,0.7676403586755564,1.8923772170734172,0.28900722606906204,0.41976016502345775,False,1.1694866833757575e-13,5.481968828323864e-13,True
68,"('Y', 'N')",144,16,31,0.0010484164543137968,0.001800382581298526,0.002687239944521498,1.717239913481615,2.563141710972415,0.01853373627166395,0.04483968452821924,False,1.633372227834979e-09,5.697810097098764e-09,True
69,"('K', 'I')",61,5,3,0.0004441208591190389,0.0005626195566557894,0.00026005547850208044,1.266816329617585,0.5855511470862418,0.6708546553349848,0.8050255864019817,False,0.5568744532365515,0.6187493924850572,False
70,"('Q', 'E')",523,16,25,0.0038077903167091373,0.001800382581298526,0.002167128987517337,0.47281557847294936,0.5691303373527844,0.00506656575343495,0.014615093519523894,False,0.013803099521813095,0.02112719314563229,False
71,"('K', 'E')",962,63,86,0.007004004368401893,0.007089006413862946,0.0074549237170596395,1.0121362068025734,1.064380220933619,0.5869729825602672,0.721688093311804,False,0.18659926310239933,0.23324907887799914,False
72,"('T', 'P')",423,21,50,0.0030797233345467782,0.0023630021379543154,0.004334257975034674,0.7672774081513599,1.4073530327919916,0.3909129755159031,0.5235441636373702,False,0.0023383463763890686,0.003941033218633262,True
73,"('H', 'P')",280,15,45,0.002038587550054605,0.001687858669967368,0.0039008321775312067,0.8279549582857786,1.9134974985139688,0.703958481936801,0.8314470259096075,False,3.3929871474188087e-07,8.07854082718764e-07,True
74,"('R', 'M')",73,5,4,0.000531488896978522,0.0005626195566557894,0.00034674063800277393,1.0585725494064748,0.6523948853380959,0.9751578719917577,1.0,False,0.6126204990778223,0.6658918468237199,False
75,"('G', 'D')",1774,84,173,0.012915908263560247,0.009452008551817262,0.014996532593619973,0.7318113723743523,1.1610900517100922,0.019488062767431102,0.04640014944626453,False,0.0018388445040982198,0.003207286925752709,True
76,"('R', 'I')",70,5,5,0.0005096468875136512,0.0005626195566557894,0.00043342579750346743,1.1039399443810383,0.8504433326728751,0.9020817436243592,0.9876807411945538,False,1.0,1.0,False
77,"('S', 'C')",582,30,21,0.004237349836184929,0.003375717339934736,0.0018203883495145632,0.7966576918213677,0.42960539485536986,0.3966495872745931,0.526526000806982,False,0.00024629358085473375,0.0004618004641026258,True
78,"('N', 'S')",2576,49,121,0.018755005460502367,0.005513671655226736,0.010488904299583912,0.29398400692755905,0.5592589307250971,5.10982732434998e-19,9.580926233156212e-18,True,6.044237204212184e-09,1.8888241263163072e-08,True
79,"('P', 'S')",2405,74,77,0.017510010921004734,0.008326769438505683,0.006674757281553398,0.47554336065644714,0.3811966372645984,6.758225848413131e-10,7.240956266156926e-09,True,5.526332523684701e-17,3.604129906750892e-16,True
80,"('C', 'F')",459,21,95,0.0033418274481252274,0.0023630021379543154,0.00823509015256588,0.7070987879041944,2.464247565261272,0.2106202525194128,0.33609614763736084,False,7.180272841019159e-25,5.668636453436178e-24,True
81,"('P', 'R')",830,68,78,0.006042955951947579,0.007651625970518735,0.006761442441054091,1.2662058157237932,1.1188965292515416,0.01307622760197223,0.03324464644569211,False,0.08681810833303305,0.11627425223174069,False
82,"('G', 'E')",1444,56,154,0.010513287222424464,0.0063013390345448405,0.013349514563106795,0.5993690556750234,1.2697755022456496,0.0005345914906073995,0.0018224709907070436,True,4.0803422591101146e-05,8.160684518220229e-05,True
83,"('D', 'A')",238,10,25,0.0017327994175464143,0.0011252391133115788,0.002167128987517337,0.6493764378711989,1.2506519598130514,0.2817089634697193,0.4142778874554695,False,0.14172890405796354,0.18036361596674633,False
84,"('R', 'G')",1301,109,151,0.00947215143793229,0.012265106335096207,0.013089459084604715,1.2948596119334852,1.3818887050503135,0.000618842574065144,0.002062808580217147,True,2.430018801307518e-07,5.975456068788978e-07,True
85,"('Q', 'R')",1224,55,220,0.008911539861667274,0.006188815123213683,0.019070735090152564,0.6944720238344766,2.140004464568999,0.0231016394613414,0.053311475680018615,False,1.0527192123708385e-40,1.2146760142740444e-39,True
86,"('R', 'W')",2363,403,221,0.01720422278849654,0.045347136266456624,0.019157420249653258,2.6358142895462624,1.1135301190393039,3.00048638540671e-111,1.5002431927033549e-109,True,0.003994731865733985,0.00658472285560547,True
87,"('K', 'R')",1280,25,94,0.009319257371678194,0.002813097783278947,0.008148404993065187,0.3018585785416901,0.8743620514042996,7.98311928859536e-10,7.98311928859536e-09,True,0.6188209756057945,0.6677924197184834,False
88,"('G', 'V')",1400,84,170,0.010192937750273025,0.009452008551817262,0.014736477115117892,0.927309553280072,1.4457536655438874,0.9436846499235436,1.0,False,9.738788295550785e-10,3.478138676982423e-09,True
89,"('P', 'L')",3824,241,189,0.027841281397888606,0.027118262630809048,0.016383495145631068,0.9740306936039809,0.5884605277856766,0.596378469819262,0.7272908168527586,False,5.262353013546753e-11,2.1333863568432782e-10,True
90,"('R', 'S')",671,50,57,0.0048853294503094285,0.005626195566557894,0.004941054091539529,1.1516512087432589,1.0114065267853267,0.15848092477607365,0.2701379399592164,False,0.5159339831954753,0.5862886172675856,False
91,"('G', 'W')",189,13,55,0.0013760465962868583,0.0014628108473050522,0.004767683772538141,1.063053279774333,3.4647691331117128,0.7575691409354464,0.8674455812237936,False,2.056699460085999e-27,1.7139162167383326e-26,True
92,"('D', 'N')",2126,83,91,0.015478704040771752,0.009339484640486104,0.007888349514563107,0.6033763948122137,0.5096259669921179,2.8560244377967407e-05,0.00013387614552172223,True,2.1028908541619003e-09,7.168946093733751e-09,True
93,"('S', 'Y')",298,16,34,0.0021696396068438296,0.001800382581298526,0.0029472954230235784,0.8298072065146058,1.3584262629271426,0.6956552635807828,0.8281610280723605,False,0.024038437553341913,0.03570064983169591,False
94,"('H', 'Q')",598,24,53,0.004353840553330907,0.002700573871947789,0.004594313453536754,0.6202739486823224,1.055232362614169,0.04217185646977822,0.09302615397745195,False,0.3460452258686447,0.4119586022245771,False
95,"('N', 'D')",703,27,54,0.0051183108846013835,0.0030381456059412624,0.004680998613037448,0.5935836400797047,0.9145592596026934,0.015957096936915327,0.03989274234228832,False,1.0,1.0,False
96,"('M', 'T')",1159,129,520,0.00843829632326174,0.014515584561719365,0.04507628294036061,1.720203226533352,5.3418701137692235,8.245639689227515e-13,1.0307049611534395e-11,True,0.0,0.0,True
97,"('W', 'C')",328,39,66,0.0023880597014925373,0.004388432541915157,0.00572122052704577,1.837656126926972,2.3957610957004163,1.7533973661920444e-05,8.766986830960222e-05,True,1.1920065918979856e-16,7.152039551387913e-16,True
98,"('G', 'S')",3029,132,141,0.02205314888969785,0.014853156295712839,0.01222260748959778,0.673516347710848,0.5542341164398333,7.040591747258554e-05,0.00028542939515913054,True,1.4406872100633114e-10,5.541104654089659e-10,True
99,"('S', 'P')",994,30,82,0.007236985802693848,0.003375717339934736,0.007108183079056866,0.46645349762579075,0.9822021588616303,6.740116458204839e-05,0.00028542939515913054,True,0.5972056704622448,0.6538748216739907,False
100,"('F', 'C')",220,20,30,0.0016017473607571897,0.0022504782266231575,0.0026005547850208046,1.4050144746667759,1.6235736351027614,0.08351531813410847,0.16060638102713165,False,0.001679542003037101,0.0029638976524184136,True
101,"('L', 'V')",1114,56,39,0.00811066618128868,0.0063013390345448405,0.0033807212205270456,0.7769200326703176,0.4168241109868848,0.15770079557607722,0.2701379399592164,False,1.3793583652575125e-07,3.448395913143781e-07,True
102,"('S', 'T')",617,9,6,0.004492173279941755,0.0010127152019804209,0.0005201109570041609,0.225439923812011,0.11578158824071555,2.26982219938792e-06,1.4186388746174499e-05,True,4.5741170532705917e-10,1.715293894976472e-09,True
103,"('G', 'R')",3578,201,367,0.026050236621769203,0.022617306177562732,0.03181345353675451,0.8682188383142094,1.2212347242239328,0.25024715983215107,0.38208299326382805,False,2.133419540052267e-08,5.714516625140001e-08,True
104,"('A', 'P')",757,37,82,0.005511467054969057,0.004163384719252841,0.007108183079056866,0.7554040834734185,1.2897079866690364,0.19405498871459173,0.3163940033390083,False,0.001880065067293909,0.0032378450138032407,True
105,"('Y', 'H')",643,32,42,0.004681470695303968,0.003600765162597052,0.0036407766990291263,0.769152558448997,0.7776993462078545,0.27608346346479024,0.4141251951971854,False,0.27829383344390946,0.34499235550897867,False
106,"('K', 'N')",756,53,62,0.005504186385147433,0.005963767300551367,0.005374479889042996,1.0834966120776854,0.976434937513301,0.31825237095238745,0.4420171818783159,False,0.6926115616308208,0.7368208102455541,False
107,"('T', 'M')",2225,596,76,0.016199490353112488,0.06706425115337009,0.006588072122052704,4.13989882962489,0.4066839127927815,0.0,0.0,True,1.7611913808886934e-14,8.805956904443467e-14,True
108,"('I', 'T')",1504,104,95,0.010950127411721878,0.011702486778440418,0.00823509015256588,1.0687078184965368,0.7520542768982206,0.19181030623154385,0.31617083444759975,False,0.04080367774790898,0.05878277758795779,False
109,"('T', 'I')",1632,68,65,0.011882053148889698,0.007651625970518735,0.005634535367545076,0.6439649675556056,0.4742055347624487,0.0013712061332778584,0.004471324347645191,True,1.3589714338487747e-08,3.913879771077559e-08,True
110,"('H', 'Y')",837,35,37,0.0060939206406989445,0.0039383368965905255,0.0032073509015256587,0.6462730857188873,0.5263197686075857,0.02568382878729534,0.05837233815294395,False,0.0003882425986437836,0.0007189677752662658,True
111,"('L', 'F')",1292,68,48,0.009406625409537678,0.007651625970518735,0.004160887656033287,0.8134294327018176,0.44233585104966866,0.2397538292839439,0.3735145083876934,False,6.806320398327469e-08,1.760255275429518e-07,True
112,"('E', 'A')",354,28,69,0.0025773571168547504,0.0031506695172724202,0.00598127600554785,1.2224419723089461,2.320701297632761,0.1827023931335645,0.3079253816857829,False,3.075484850161849e-16,1.774318182785682e-15,True
113,"('E', 'K')",2737,187,155,0.019927193301783764,0.02104197141892652,0.013436199722607489,1.055942555494906,0.674264534855732,0.10721301550154791,0.19854262129916278,False,4.2019937355419783e-05,8.293408688569694e-05,True
114,"('F', 'Y')",105,4,1,0.0007644703312704769,0.0004500956453246315,8.668515950069348e-05,0.5887679703365536,0.11339244435638332,0.44208390661364616,0.5667742392482643,False,0.015392732421128796,0.023322321850195143,False
115,"('I', 'F')",300,25,20,0.002184200946487077,0.002813097783278947,0.0017337031900138697,1.2879299351112112,0.7937471104946833,0.12963074797608773,0.23148347852872805,False,0.5525543293481467,0.618530965688224,False
116,"('C', 'G')",350,21,53,0.0025482344375682563,0.0023630021379543154,0.004594313453536754,0.927309553280072,1.8029398652664947,1.0,1.0,False,3.8204848597021506e-07,8.954261389926915e-07,True
117,"('C', 'W')",271,10,58,0.001973061521659993,0.0011252391133115788,0.005027739251040222,0.570301078278027,2.5481918307393894,0.12867861728256505,0.23148347852872805,False,1.0595434415937458e-16,6.622146509960911e-16,True
118,"('C', 'S')",601,30,84,0.0043756825627957775,0.003375717339934736,0.007281553398058253,0.7714721741098768,1.6640954396394358,0.3021944919507355,0.4276337150246257,False,1.6914787243228394e-08,4.698552012007887e-08,True
119,"('T', 'S')",812,19,21,0.005911903895158354,0.0021379543152919996,0.0018203883495145632,0.3616354990213746,0.30791913769190304,1.0977553515717038e-05,5.6780449219226055e-05,True,4.9830063561476734e-08,1.3113174621441246e-07,True
120,"('C', 'R')",913,100,189,0.006647251547142337,0.011252391133115788,0.016383495145631068,1.6927885236949107,2.4647021448547943,1.0011222379230578e-09,9.385520980528666e-09,True,2.712876897985763e-48,4.0693153469786443e-47,True
121,"('T', 'R')",289,22,30,0.0021041135784492172,0.0024755260492854733,0.0026005547850208046,1.176517310966643,1.2359384073446626,0.3322349386404588,0.45304764360062566,False,0.11776703930790612,0.1536091817059645,False
122,"('K', 'Q')",320,11,12,0.0023298143429195486,0.0012377630246427367,0.0010402219140083217,0.5312710982333746,0.44648274965325935,0.06263771217695739,0.13049523370199456,False,0.010061121864565379,0.016054981698774538,False
123,"('L', 'M')",235,12,2,0.0017109574080815435,0.0013502869359738945,0.00017337031900138697,0.7891996198128273,0.1013294183610234,0.6262249626856836,0.7575301967971979,False,0.0001251645991704977,0.00023765430222246403,True
124,"('D', 'H')",550,24,48,0.004004368401892974,0.002700573871947789,0.004160887656033287,0.6744069478400524,1.0390871264657673,0.1103487133407747,0.20185740245263667,False,0.43644447968294675,0.5114583746284532,False
125,"('Y', 'C')",1270,128,123,0.009246450673461958,0.014403060650388207,0.010662274618585299,1.5576853388431657,1.1531208022540873,3.1088656430681335e-09,2.5907213692234447e-08,True,0.011388405660444212,0.01767717852574426,False
126,"('P', 'A')",820,22,29,0.005970149253731343,0.0024755260492854733,0.002513869625520111,0.41465061325531677,0.4210731622746186,6.14310989509678e-05,0.00027488199067839694,True,8.22796988486385e-06,1.8420828100441453e-05,True
127,"('D', 'Y')",514,47,42,0.003742264288314525,0.00528862383256442,0.0036407766990291263,1.4132149482543253,0.9728806996335613,0.004792145075157989,0.014094544338699966,False,0.7834742047973804,0.8276135966169511,False
128,"('L', 'I')",274,7,7,0.0019949035311248634,0.0007876673793181051,0.0006067961165048543,0.39483983412168516,0.3041731627808093,0.02053781566534471,0.048135505465651665,False,0.0018995357414312345,0.0032378450138032407,True
129,"('N', 'H')",241,4,15,0.001754641427011285,0.0004500956453246315,0.0013002773925104023,0.25651716549932835,0.7410502068933766,0.006183527281442038,0.017500548909741617,False,0.4439288024735608,0.516196281946001,False
130,"('P', 'H')",339,12,26,0.0024681470695303966,0.0013502869359738945,0.0022538141470180304,0.5470852821711341,0.913160392604503,0.0651553948274235,0.1338809482755277,False,1.0,1.0,False
131,"('R', 'Q')",5982,340,182,0.04355296687295231,0.03825812985259368,0.015776699029126214,0.8784276387919996,0.3622416602558484,0.18741222028803778,0.312353700480063,False,7.160913809045565e-44,8.951142261306956e-43,True
132,"('N', 'K')",806,76,69,0.005868219876228613,0.008551817261167998,0.00598127600554785,1.4573102987858866,1.019265830473942,9.00963496862442e-05,0.00034652442187016995,True,0.42651251737956974,0.5037549417868934,False
133,"('M', 'V')",1824,65,367,0.013279941754641427,0.007314054236525262,0.03181345353675451,0.550759511725189,2.395601887759447,7.599316005924855e-06,4.071062146031172e-05,True,3.670856638072835e-87,1.8354283190364175e-85,True
134,"('Q', 'H')",808,35,40,0.0058827812158718604,0.0039383368965905255,0.0034674063800277394,0.6694685306271146,0.5894161711594184,0.04441515701361899,0.09642161757100216,False,0.003516702627445723,0.005861171045742872,True
135,"('Q', 'K')",367,16,15,0.0026720058245358574,0.001800382581298526,0.0013002773925104023,0.6737944074696254,0.4866296998945606,0.20409514522382788,0.32918571810294817,False,0.01143124211331462,0.01767717852574426,False
136,"('H', 'D')",194,15,21,0.0014124499453949764,0.001687858669967368,0.0018203883495145632,1.1949865377320514,1.2888161845661095,0.41527488086947606,0.5369933804346674,False,0.1418860445605071,0.18036361596674633,False
137,"('E', 'Q')",728,18,32,0.005300327630141973,0.0020254304039608417,0.0027739251040221915,0.3821330576703594,0.5233497431833077,6.230658455376997e-05,0.00027488199067839694,True,0.0008885364266770651,0.0016057887229103587,True
138,"('T', 'N')",386,20,20,0.0028103385511467054,0.0022504782266231575,0.0017337031900138697,0.8007854518826184,0.6169018993481995,0.5276491171367044,0.659745052251419,False,0.07280010365630989,0.10018362888483012,False
139,"('L', 'W')",103,6,20,0.0007499089916272297,0.0006751434679869473,0.0017337031900138697,0.9003005371651185,2.311884787848592,1.0,1.0,False,2.1739117309837178e-05,4.5289827728827455e-05,True
140,"('A', 'T')",4758,170,97,0.03464142701128504,0.01912906492629684,0.008408460471567267,0.5522019898333062,0.24272846695455322,2.1884145959015992e-13,3.282621893852399e-12,True,1.4817565313270964e-50,2.4695942188784942e-49,True
141,"('Q', 'P')",420,35,76,0.0030578813250819077,0.0039383368965905255,0.006588072122052704,1.287929935111211,2.154456442771283,0.06658573047827127,0.1349710752937931,False,4.281424285371619e-15,2.2145298027784236e-14,True
142,"('I', 'V')",3017,35,480,0.021965780851838368,0.0039383368965905255,0.04160887656033287,0.17929419050272083,1.8942589312435267,4.8711943722953704e-30,1.2177985930738427e-28,True,1.481386873245316e-63,3.70346718311329e-62,True
143,"('R', 'H')",4615,331,132,0.03360029122679287,0.037245414650613255,0.01144244105409154,1.1084848758963664,0.34054588922632134,0.0020012019061373264,0.0062537559566791445,True,2.056872466713732e-36,2.203791928621856e-35,True
144,"('K', 'T')",292,31,55,0.002125955587914088,0.003488241251265894,0.004767683772538141,1.640787451580036,2.2426074183497042,0.0017710737634505968,0.00565236307484233,True,2.93248858660987e-12,1.2567808228328013e-11,True
145,"('R', 'K')",826,18,18,0.006013833272661085,0.0020254304039608417,0.0015603328710124826,0.3367952372687913,0.25945728793409745,3.6561647490535225e-06,2.1936988494321137e-05,True,2.8724415709130066e-09,9.366657296455457e-09,True
146,"('L', 'S')",358,27,64,0.002606479796141245,0.0030381456059412624,0.005547850208044383,1.1656125669721575,2.1284838717175867,0.2938321155164204,0.41976016502345775,False,1.5030896254918112e-12,6.631277759522697e-12,True
147,"('G', 'A')",932,49,58,0.006785584273753185,0.005513671655226736,0.005027739251040222,0.8125566543405496,0.7409441911270114,0.32493734822275505,0.44716148837993813,False,0.09129860867353397,0.12119284337194774,False
148,"('V', 'F')",346,23,28,0.002519111758281762,0.002588049960616631,0.0024271844660194173,1.0273660754066307,0.9635080532016386,0.7405549207019797,0.8544864469638227,False,0.8901444195277394,0.9145319378709651,False
149,"('S', 'F')",829,57,69,0.006035675282125955,0.006413862945875998,0.00598127600554785,1.0626587160628087,0.9909870438624816,0.37384409678262,0.5051947253819189,False,0.5810076329231197,0.6408172421946174,False
